alg_family,param_set,operation,message_bytes,concurrency,cpu_ghz,aesni,avx2,neon,machine_id,os_name,containerized,latency_ms,throughput_ops,timestamp,notes,trial_id
ML-KEM,512,keygen,0,1,0.0,0,0,0,MacBook-Pro-4.local,darwin,0,12.3884,83.13,2025-11-10T19:49:38.702174,,1
ML-KEM,512,keygen,0,1,0.0,0,0,0,MacBook-Pro-4.local,darwin,0,12.5829,79.56,2025-11-10T19:49:38.702658,,2
ML-KEM,512,keygen,0,1,0.0,0,0,0,MacBook-Pro-4.local,darwin,0,11.7666,82.75,2025-11-10T19:49:38.702676,,3
ML-KEM,512,keygen,0,1,0.0,0,0,0,MacBook-Pro-4.local,darwin,0,12.251,78.76,2025-11-10T19:49:38.702688,,4
ML-KEM,512,keygen,0,1,0.0,0,0,0,MacBook-Pro-4.local,darwin,0,11.754,88.72,2025-11-10T19:49:38.702699,,5
ML-KEM,512,keygen,0,16,0.0,0,0,0,MacBook-Pro-4.local,darwin,0,12.4666,83.12,2025-11-10T19:49:38.702727,,6
ML-KEM,512,keygen,0,16,0.0,0,0,0,MacBook-Pro-4.local,darwin,0,12.9824,77.27,2025-11-10T19:49:38.702737,,7
ML-KEM,512,keygen,0,16,0.0,0,0,0,MacBook-Pro-4.local,darwin,0,12.3241,77.35,2025-11-10T19:49:38.702747,,8
ML-KEM,512,keygen,0,16,0.0,0,0,0,MacBook-Pro-4.local,darwin,0,11.6277,84.44,2025-11-10T19:49:38.702756,,9
ML-KEM,512,keygen,0,16,0.0,0,0,0,MacBook-Pro-4.local,darwin,0,13.0837,79.31,2025-11-10T19:49:38.702766,,10
ML-KEM,512,keygen,0,64,0.0,0,0,0,MacBook-Pro-4.local,darwin,0,13.6511,72.1,2025-11-10T19:49:38.702781,,11
ML-KEM,512,keygen,0,64,0.0,0,0,0,MacBook-Pro-4.local,darwin,0,13.5707,72.41,2025-11-10T19:49:38.702791,,12
ML-KEM,512,keygen,0,64,0.0,0,0,0,MacBook-Pro-4.local,darwin,0,13.4723,75.61,2025-11-10T19:49:38.702801,,13
ML-KEM,512,keygen,0,64,0.0,0,0,0,MacBook-Pro-4.local,darwin,0,13.3073,72.21,2025-11-10T19:49:38.702810,,14
ML-KEM,512,keygen,0,64,0.0,0,0,0,MacBook-Pro-4.local,darwin,0,13.4165,74.26,2025-11-10T19:49:38.702819,,15
ML-KEM,512,keygen,1024,1,0.0,0,0,0,MacBook-Pro-4.local,darwin,0,13.2857,73.93,2025-11-10T19:49:38.702834,,16
ML-KEM,512,keygen,1024,1,0.0,0,0,0,MacBook-Pro-4.local,darwin,0,14.4063,68.93,2025-11-10T19:49:38.702845,,17
ML-KEM,512,keygen,1024,1,0.0,0,0,0,MacBook-Pro-4.local,darwin,0,13.2898,73.45,2025-11-10T19:49:38.702855,,18
ML-KEM,512,keygen,1024,1,0.0,0,0,0,MacBook-Pro-4.local,darwin,0,14.3786,71.91,2025-11-10T19:49:38.702865,,19
ML-KEM,512,keygen,1024,1,0.0,0,0,0,MacBook-Pro-4.local,darwin,0,14.6363,68.87,2025-11-10T19:49:38.702875,,20
ML-KEM,512,keygen,1024,16,0.0,0,0,0,MacBook-Pro-4.local,darwin,0,14.6185,69.96,2025-11-10T19:49:38.702889,,21
ML-KEM,512,keygen,1024,16,0.0,0,0,0,MacBook-Pro-4.local,darwin,0,13.3946,78.15,2025-11-10T19:49:38.702900,,22
ML-KEM,512,keygen,1024,16,0.0,0,0,0,MacBook-Pro-4.local,darwin,0,14.2024,70.05,2025-11-10T19:49:38.702909,,23
ML-KEM,512,keygen,1024,16,0.0,0,0,0,MacBook-Pro-4.local,darwin,0,14.8073,68.84,2025-11-10T19:49:38.702919,,24
ML-KEM,512,keygen,1024,16,0.0,0,0,0,MacBook-Pro-4.local,darwin,0,13.9038,73.4,2025-11-10T19:49:38.702928,,25
ML-KEM,512,keygen,1024,64,0.0,0,0,0,MacBook-Pro-4.local,darwin,0,15.6392,63.28,2025-11-10T19:49:38.702941,,26
ML-KEM,512,keygen,1024,64,0.0,0,0,0,MacBook-Pro-4.local,darwin,0,14.5168,70.21,2025-11-10T19:49:38.702951,,27
ML-KEM,512,keygen,1024,64,0.0,0,0,0,MacBook-Pro-4.local,darwin,0,15.4121,65.87,2025-11-10T19:49:38.702972,,28
ML-KEM,512,keygen,1024,64,0.0,0,0,0,MacBook-Pro-4.local,darwin,0,14.9548,63.91,2025-11-10T19:49:38.702982,,29
ML-KEM,512,keygen,1024,64,0.0,0,0,0,MacBook-Pro-4.local,darwin,0,14.8443,67.51,2025-11-10T19:49:38.702992,,30
ML-KEM,512,encap,0,1,0.0,0,0,0,MacBook-Pro-4.local,darwin,0,10.4537,91.79,2025-11-10T19:49:38.703009,,31
ML-KEM,512,encap,0,1,0.0,0,0,0,MacBook-Pro-4.local,darwin,0,10.7729,93.87,2025-11-10T19:49:38.703019,,32
ML-KEM,512,encap,0,1,0.0,0,0,0,MacBook-Pro-4.local,darwin,0,9.9652,103.15,2025-11-10T19:49:38.703028,,33
ML-KEM,512,encap,0,1,0.0,0,0,0,MacBook-Pro-4.local,darwin,0,10.51,96.17,2025-11-10T19:49:38.703038,,34
ML-KEM,512,encap,0,1,0.0,0,0,0,MacBook-Pro-4.local,darwin,0,11.0189,91.64,2025-11-10T19:49:38.703049,,35
ML-KEM,512,encap,0,16,0.0,0,0,0,MacBook-Pro-4.local,darwin,0,11.0352,91.47,2025-11-10T19:49:38.703063,,36
ML-KEM,512,encap,0,16,0.0,0,0,0,MacBook-Pro-4.local,darwin,0,10.4832,99.52,2025-11-10T19:49:38.703074,,37
ML-KEM,512,encap,0,16,0.0,0,0,0,MacBook-Pro-4.local,darwin,0,11.0387,93.48,2025-11-10T19:49:38.703089,,38
ML-KEM,512,encap,0,16,0.0,0,0,0,MacBook-Pro-4.local,darwin,0,9.9526,96.29,2025-11-10T19:49:38.703103,,39
ML-KEM,512,encap,0,16,0.0,0,0,0,MacBook-Pro-4.local,darwin,0,10.1246,101.88,2025-11-10T19:49:38.703120,,40
ML-KEM,512,encap,0,64,0.0,0,0,0,MacBook-Pro-4.local,darwin,0,11.2058,85.99,2025-11-10T19:49:38.703147,,41
ML-KEM,512,encap,0,64,0.0,0,0,0,MacBook-Pro-4.local,darwin,0,10.4858,92.26,2025-11-10T19:49:38.703169,,42
ML-KEM,512,encap,0,64,0.0,0,0,0,MacBook-Pro-4.local,darwin,0,11.8836,80.54,2025-11-10T19:49:38.703186,,43
ML-KEM,512,encap,0,64,0.0,0,0,0,MacBook-Pro-4.local,darwin,0,11.0175,91.65,2025-11-10T19:49:38.703197,,44
ML-KEM,512,encap,0,64,0.0,0,0,0,MacBook-Pro-4.local,darwin,0,10.7783,95.09,2025-11-10T19:49:38.703213,,45
ML-KEM,512,encap,1024,1,0.0,0,0,0,MacBook-Pro-4.local,darwin,0,11.2091,90.47,2025-11-10T19:49:38.703232,,46
ML-KEM,512,encap,1024,1,0.0,0,0,0,MacBook-Pro-4.local,darwin,0,10.8026,89.85,2025-11-10T19:49:38.703244,,47
ML-KEM,512,encap,1024,1,0.0,0,0,0,MacBook-Pro-4.local,darwin,0,11.7824,81.75,2025-11-10T19:49:38.703256,,48
ML-KEM,512,encap,1024,1,0.0,0,0,0,MacBook-Pro-4.local,darwin,0,11.6704,88.63,2025-11-10T19:49:38.703267,,49
ML-KEM,512,encap,1024,1,0.0,0,0,0,MacBook-Pro-4.local,darwin,0,12.2599,82.25,2025-11-10T19:49:38.703277,,50
ML-KEM,512,encap,1024,16,0.0,0,0,0,MacBook-Pro-4.local,darwin,0,11.0094,95.31,2025-11-10T19:49:38.703290,,51
ML-KEM,512,encap,1024,16,0.0,0,0,0,MacBook-Pro-4.local,darwin,0,10.6776,97.51,2025-11-10T19:49:38.703301,,52
ML-KEM,512,encap,1024,16,0.0,0,0,0,MacBook-Pro-4.local,darwin,0,11.4148,91.96,2025-11-10T19:49:38.703311,,53
ML-KEM,512,encap,1024,16,0.0,0,0,0,MacBook-Pro-4.local,darwin,0,11.2522,86.11,2025-11-10T19:49:38.703327,,54
ML-KEM,512,encap,1024,16,0.0,0,0,0,MacBook-Pro-4.local,darwin,0,11.8694,80.77,2025-11-10T19:49:38.703338,,55
ML-KEM,512,encap,1024,64,0.0,0,0,0,MacBook-Pro-4.local,darwin,0,11.9572,83.3,2025-11-10T19:49:38.703353,,56
ML-KEM,512,encap,1024,64,0.0,0,0,0,MacBook-Pro-4.local,darwin,0,12.0587,80.08,2025-11-10T19:49:38.703363,,57
ML-KEM,512,encap,1024,64,0.0,0,0,0,MacBook-Pro-4.local,darwin,0,12.4653,76.91,2025-11-10T19:49:38.703373,,58
ML-KEM,512,encap,1024,64,0.0,0,0,0,MacBook-Pro-4.local,darwin,0,12.4698,80.16,2025-11-10T19:49:38.703384,,59
ML-KEM,512,encap,1024,64,0.0,0,0,0,MacBook-Pro-4.local,darwin,0,12.1952,78.0,2025-11-10T19:49:38.703394,,60
ML-KEM,512,decap,0,1,0.0,0,0,0,MacBook-Pro-4.local,darwin,0,10.9464,92.12,2025-11-10T19:49:38.703410,,61
ML-KEM,512,decap,0,1,0.0,0,0,0,MacBook-Pro-4.local,darwin,0,10.5527,93.01,2025-11-10T19:49:38.703420,,62
ML-KEM,512,decap,0,1,0.0,0,0,0,MacBook-Pro-4.local,darwin,0,10.9385,92.01,2025-11-10T19:49:38.703430,,63
ML-KEM,512,decap,0,1,0.0,0,0,0,MacBook-Pro-4.local,darwin,0,10.0908,100.15,2025-11-10T19:49:38.703439,,64
ML-KEM,512,decap,0,1,0.0,0,0,0,MacBook-Pro-4.local,darwin,0,11.4757,90.14,2025-11-10T19:49:38.703450,,65
ML-KEM,512,decap,0,16,0.0,0,0,0,MacBook-Pro-4.local,darwin,0,11.7442,85.9,2025-11-10T19:49:38.703470,,66
ML-KEM,512,decap,0,16,0.0,0,0,0,MacBook-Pro-4.local,darwin,0,11.3523,86.72,2025-11-10T19:49:38.703481,,67
ML-KEM,512,decap,0,16,0.0,0,0,0,MacBook-Pro-4.local,darwin,0,12.2433,80.97,2025-11-10T19:49:38.703491,,68
ML-KEM,512,decap,0,16,0.0,0,0,0,MacBook-Pro-4.local,darwin,0,10.537,93.45,2025-11-10T19:49:38.703501,,69
ML-KEM,512,decap,0,16,0.0,0,0,0,MacBook-Pro-4.local,darwin,0,10.6066,90.36,2025-11-10T19:49:38.703511,,70
ML-KEM,512,decap,0,64,0.0,0,0,0,MacBook-Pro-4.local,darwin,0,12.4145,78.47,2025-11-10T19:49:38.703525,,71
ML-KEM,512,decap,0,64,0.0,0,0,0,MacBook-Pro-4.local,darwin,0,12.779,79.24,2025-11-10T19:49:38.703536,,72
ML-KEM,512,decap,0,64,0.0,0,0,0,MacBook-Pro-4.local,darwin,0,12.0542,78.95,2025-11-10T19:49:38.703546,,73
ML-KEM,512,decap,0,64,0.0,0,0,0,MacBook-Pro-4.local,darwin,0,13.0889,80.19,2025-11-10T19:49:38.703555,,74
ML-KEM,512,decap,0,64,0.0,0,0,0,MacBook-Pro-4.local,darwin,0,12.8831,73.89,2025-11-10T19:49:38.703565,,75
ML-KEM,512,decap,1024,1,0.0,0,0,0,MacBook-Pro-4.local,darwin,0,12.5865,78.8,2025-11-10T19:49:38.703579,,76
ML-KEM,512,decap,1024,1,0.0,0,0,0,MacBook-Pro-4.local,darwin,0,12.9686,75.27,2025-11-10T19:49:38.703698,,77
ML-KEM,512,decap,1024,1,0.0,0,0,0,MacBook-Pro-4.local,darwin,0,11.5094,88.67,2025-11-10T19:49:38.703712,,78
ML-KEM,512,decap,1024,1,0.0,0,0,0,MacBook-Pro-4.local,darwin,0,12.886,77.26,2025-11-10T19:49:38.703722,,79
ML-KEM,512,decap,1024,1,0.0,0,0,0,MacBook-Pro-4.local,darwin,0,12.8601,75.32,2025-11-10T19:49:38.703731,,80
ML-KEM,512,decap,1024,16,0.0,0,0,0,MacBook-Pro-4.local,darwin,0,12.4713,77.05,2025-11-10T19:49:38.703746,,81
ML-KEM,512,decap,1024,16,0.0,0,0,0,MacBook-Pro-4.local,darwin,0,12.1636,85.42,2025-11-10T19:49:38.703756,,82
ML-KEM,512,decap,1024,16,0.0,0,0,0,MacBook-Pro-4.local,darwin,0,12.3755,78.12,2025-11-10T19:49:38.703765,,83
ML-KEM,512,decap,1024,16,0.0,0,0,0,MacBook-Pro-4.local,darwin,0,13.2881,78.62,2025-11-10T19:49:38.703774,,84
ML-KEM,512,decap,1024,16,0.0,0,0,0,MacBook-Pro-4.local,darwin,0,12.4756,78.0,2025-11-10T19:49:38.703783,,85
ML-KEM,512,decap,1024,64,0.0,0,0,0,MacBook-Pro-4.local,darwin,0,13.4914,77.0,2025-11-10T19:49:38.703796,,86
ML-KEM,512,decap,1024,64,0.0,0,0,0,MacBook-Pro-4.local,darwin,0,12.7917,78.11,2025-11-10T19:49:38.703805,,87
ML-KEM,512,decap,1024,64,0.0,0,0,0,MacBook-Pro-4.local,darwin,0,13.4543,72.27,2025-11-10T19:49:38.703814,,88
ML-KEM,512,decap,1024,64,0.0,0,0,0,MacBook-Pro-4.local,darwin,0,14.2427,71.12,2025-11-10T19:49:38.703823,,89
ML-KEM,512,decap,1024,64,0.0,0,0,0,MacBook-Pro-4.local,darwin,0,14.1426,73.86,2025-11-10T19:49:38.703832,,90
ML-KEM,512,sign,0,1,0.0,0,0,0,MacBook-Pro-4.local,darwin,0,15.8326,63.98,2025-11-10T19:49:38.703846,,91
ML-KEM,512,sign,0,1,0.0,0,0,0,MacBook-Pro-4.local,darwin,0,15.313,65.78,2025-11-10T19:49:38.703855,,92
ML-KEM,512,sign,0,1,0.0,0,0,0,MacBook-Pro-4.local,darwin,0,14.3409,69.02,2025-11-10T19:49:38.703864,,93
ML-KEM,512,sign,0,1,0.0,0,0,0,MacBook-Pro-4.local,darwin,0,14.6806,66.53,2025-11-10T19:49:38.703874,,94
ML-KEM,512,sign,0,1,0.0,0,0,0,MacBook-Pro-4.local,darwin,0,15.9628,63.3,2025-11-10T19:49:38.703882,,95
ML-KEM,512,sign,0,16,0.0,0,0,0,MacBook-Pro-4.local,darwin,0,15.0271,68.17,2025-11-10T19:49:38.703895,,96
ML-KEM,512,sign,0,16,0.0,0,0,0,MacBook-Pro-4.local,darwin,0,16.0729,63.25,2025-11-10T19:49:38.703904,,97
ML-KEM,512,sign,0,16,0.0,0,0,0,MacBook-Pro-4.local,darwin,0,14.7234,67.69,2025-11-10T19:49:38.703914,,98
ML-KEM,512,sign,0,16,0.0,0,0,0,MacBook-Pro-4.local,darwin,0,15.5291,61.58,2025-11-10T19:49:38.703922,,99
ML-KEM,512,sign,0,16,0.0,0,0,0,MacBook-Pro-4.local,darwin,0,15.0342,66.46,2025-11-10T19:49:38.703931,,100
ML-KEM,512,sign,0,64,0.0,0,0,0,MacBook-Pro-4.local,darwin,0,17.3029,55.48,2025-11-10T19:49:38.703944,,101
ML-KEM,512,sign,0,64,0.0,0,0,0,MacBook-Pro-4.local,darwin,0,16.5483,58.08,2025-11-10T19:49:38.703953,,102
ML-KEM,512,sign,0,64,0.0,0,0,0,MacBook-Pro-4.local,darwin,0,16.6499,57.61,2025-11-10T19:49:38.703962,,103
ML-KEM,512,sign,0,64,0.0,0,0,0,MacBook-Pro-4.local,darwin,0,16.4756,62.9,2025-11-10T19:49:38.703971,,104
ML-KEM,512,sign,0,64,0.0,0,0,0,MacBook-Pro-4.local,darwin,0,16.3361,63.45,2025-11-10T19:49:38.703979,,105
ML-KEM,512,sign,1024,1,0.0,0,0,0,MacBook-Pro-4.local,darwin,0,16.6757,61.91,2025-11-10T19:49:38.703993,,106
ML-KEM,512,sign,1024,1,0.0,0,0,0,MacBook-Pro-4.local,darwin,0,17.0934,58.54,2025-11-10T19:49:38.704002,,107
ML-KEM,512,sign,1024,1,0.0,0,0,0,MacBook-Pro-4.local,darwin,0,15.4162,68.03,2025-11-10T19:49:38.704011,,108
ML-KEM,512,sign,1024,1,0.0,0,0,0,MacBook-Pro-4.local,darwin,0,16.1706,62.36,2025-11-10T19:49:38.704020,,109
ML-KEM,512,sign,1024,1,0.0,0,0,0,MacBook-Pro-4.local,darwin,0,16.7314,56.79,2025-11-10T19:49:38.704029,,110
ML-KEM,512,sign,1024,16,0.0,0,0,0,MacBook-Pro-4.local,darwin,0,17.1536,60.34,2025-11-10T19:49:38.704040,,111
ML-KEM,512,sign,1024,16,0.0,0,0,0,MacBook-Pro-4.local,darwin,0,17.1943,58.59,2025-11-10T19:49:38.704050,,112
ML-KEM,512,sign,1024,16,0.0,0,0,0,MacBook-Pro-4.local,darwin,0,18.2589,52.33,2025-11-10T19:49:38.704058,,113
ML-KEM,512,sign,1024,16,0.0,0,0,0,MacBook-Pro-4.local,darwin,0,17.3144,57.8,2025-11-10T19:49:38.704067,,114
ML-KEM,512,sign,1024,16,0.0,0,0,0,MacBook-Pro-4.local,darwin,0,16.9347,57.92,2025-11-10T19:49:38.704076,,115
ML-KEM,512,sign,1024,64,0.0,0,0,0,MacBook-Pro-4.local,darwin,0,18.1016,56.15,2025-11-10T19:49:38.704087,,116
ML-KEM,512,sign,1024,64,0.0,0,0,0,MacBook-Pro-4.local,darwin,0,19.0016,52.18,2025-11-10T19:49:38.704097,,117
ML-KEM,512,sign,1024,64,0.0,0,0,0,MacBook-Pro-4.local,darwin,0,18.8036,51.92,2025-11-10T19:49:38.704106,,118
ML-KEM,512,sign,1024,64,0.0,0,0,0,MacBook-Pro-4.local,darwin,0,19.474,52.8,2025-11-10T19:49:38.704115,,119
ML-KEM,512,sign,1024,64,0.0,0,0,0,MacBook-Pro-4.local,darwin,0,18.9998,54.85,2025-11-10T19:49:38.704124,,120
ML-KEM,512,verify,0,1,0.0,0,0,0,MacBook-Pro-4.local,darwin,0,8.261,119.1,2025-11-10T19:49:38.704137,,121
ML-KEM,512,verify,0,1,0.0,0,0,0,MacBook-Pro-4.local,darwin,0,8.3619,121.0,2025-11-10T19:49:38.704147,,122
ML-KEM,512,verify,0,1,0.0,0,0,0,MacBook-Pro-4.local,darwin,0,8.926,110.02,2025-11-10T19:49:38.704156,,123
ML-KEM,512,verify,0,1,0.0,0,0,0,MacBook-Pro-4.local,darwin,0,7.618,132.67,2025-11-10T19:49:38.704165,,124
ML-KEM,512,verify,0,1,0.0,0,0,0,MacBook-Pro-4.local,darwin,0,8.2515,117.19,2025-11-10T19:49:38.704173,,125
ML-KEM,512,verify,0,16,0.0,0,0,0,MacBook-Pro-4.local,darwin,0,9.2514,102.8,2025-11-10T19:49:38.704185,,126
ML-KEM,512,verify,0,16,0.0,0,0,0,MacBook-Pro-4.local,darwin,0,7.9667,128.06,2025-11-10T19:49:38.704195,,127
ML-KEM,512,verify,0,16,0.0,0,0,0,MacBook-Pro-4.local,darwin,0,9.7378,101.6,2025-11-10T19:49:38.704204,,128
ML-KEM,512,verify,0,16,0.0,0,0,0,MacBook-Pro-4.local,darwin,0,8.4465,120.96,2025-11-10T19:49:38.704212,,129
ML-KEM,512,verify,0,16,0.0,0,0,0,MacBook-Pro-4.local,darwin,0,9.0587,108.8,2025-11-10T19:49:38.704222,,130
ML-KEM,512,verify,0,64,0.0,0,0,0,MacBook-Pro-4.local,darwin,0,8.6585,115.9,2025-11-10T19:49:38.704237,,131
ML-KEM,512,verify,0,64,0.0,0,0,0,MacBook-Pro-4.local,darwin,0,9.2553,111.21,2025-11-10T19:49:38.704247,,132
ML-KEM,512,verify,0,64,0.0,0,0,0,MacBook-Pro-4.local,darwin,0,8.9769,116.73,2025-11-10T19:49:38.704256,,133
ML-KEM,512,verify,0,64,0.0,0,0,0,MacBook-Pro-4.local,darwin,0,8.999,110.18,2025-11-10T19:49:38.704266,,134
ML-KEM,512,verify,0,64,0.0,0,0,0,MacBook-Pro-4.local,darwin,0,9.4019,107.09,2025-11-10T19:49:38.704275,,135
ML-KEM,512,verify,1024,1,0.0,0,0,0,MacBook-Pro-4.local,darwin,0,9.1996,110.55,2025-11-10T19:49:38.704287,,136
ML-KEM,512,verify,1024,1,0.0,0,0,0,MacBook-Pro-4.local,darwin,0,9.2182,108.34,2025-11-10T19:49:38.704297,,137
ML-KEM,512,verify,1024,1,0.0,0,0,0,MacBook-Pro-4.local,darwin,0,9.6755,103.14,2025-11-10T19:49:38.704306,,138
ML-KEM,512,verify,1024,1,0.0,0,0,0,MacBook-Pro-4.local,darwin,0,8.7101,114.88,2025-11-10T19:49:38.704316,,139
ML-KEM,512,verify,1024,1,0.0,0,0,0,MacBook-Pro-4.local,darwin,0,7.8019,124.15,2025-11-10T19:49:38.704325,,140
ML-KEM,512,verify,1024,16,0.0,0,0,0,MacBook-Pro-4.local,darwin,0,9.0589,107.44,2025-11-10T19:49:38.704337,,141
ML-KEM,512,verify,1024,16,0.0,0,0,0,MacBook-Pro-4.local,darwin,0,9.6083,101.55,2025-11-10T19:49:38.704348,,142
ML-KEM,512,verify,1024,16,0.0,0,0,0,MacBook-Pro-4.local,darwin,0,9.4742,109.63,2025-11-10T19:49:38.704357,,143
ML-KEM,512,verify,1024,16,0.0,0,0,0,MacBook-Pro-4.local,darwin,0,9.5642,103.92,2025-11-10T19:49:38.704366,,144
ML-KEM,512,verify,1024,16,0.0,0,0,0,MacBook-Pro-4.local,darwin,0,9.2072,111.27,2025-11-10T19:49:38.704375,,145
ML-KEM,512,verify,1024,64,0.0,0,0,0,MacBook-Pro-4.local,darwin,0,10.0941,97.22,2025-11-10T19:49:38.704388,,146
ML-KEM,512,verify,1024,64,0.0,0,0,0,MacBook-Pro-4.local,darwin,0,10.2704,94.9,2025-11-10T19:49:38.704397,,147
ML-KEM,512,verify,1024,64,0.0,0,0,0,MacBook-Pro-4.local,darwin,0,10.0052,100.14,2025-11-10T19:49:38.704406,,148
ML-KEM,512,verify,1024,64,0.0,0,0,0,MacBook-Pro-4.local,darwin,0,10.4828,92.44,2025-11-10T19:49:38.704415,,149
ML-KEM,512,verify,1024,64,0.0,0,0,0,MacBook-Pro-4.local,darwin,0,9.1779,104.91,2025-11-10T19:49:38.704425,,150
ML-KEM,768,keygen,0,1,0.0,0,0,0,MacBook-Pro-4.local,darwin,0,12.7675,77.29,2025-11-10T19:49:38.704439,,151
ML-KEM,768,keygen,0,1,0.0,0,0,0,MacBook-Pro-4.local,darwin,0,11.9929,84.89,2025-11-10T19:49:38.704448,,152
ML-KEM,768,keygen,0,1,0.0,0,0,0,MacBook-Pro-4.local,darwin,0,12.8803,74.69,2025-11-10T19:49:38.704482,,153
ML-KEM,768,keygen,0,1,0.0,0,0,0,MacBook-Pro-4.local,darwin,0,11.911,87.57,2025-11-10T19:49:38.704492,,154
ML-KEM,768,keygen,0,1,0.0,0,0,0,MacBook-Pro-4.local,darwin,0,11.5,90.89,2025-11-10T19:49:38.704501,,155
ML-KEM,768,keygen,0,16,0.0,0,0,0,MacBook-Pro-4.local,darwin,0,11.3414,89.23,2025-11-10T19:49:38.704515,,156
ML-KEM,768,keygen,0,16,0.0,0,0,0,MacBook-Pro-4.local,darwin,0,12.8045,76.08,2025-11-10T19:49:38.704524,,157
ML-KEM,768,keygen,0,16,0.0,0,0,0,MacBook-Pro-4.local,darwin,0,12.1487,84.8,2025-11-10T19:49:38.704533,,158
ML-KEM,768,keygen,0,16,0.0,0,0,0,MacBook-Pro-4.local,darwin,0,12.7144,78.66,2025-11-10T19:49:38.704542,,159
ML-KEM,768,keygen,0,16,0.0,0,0,0,MacBook-Pro-4.local,darwin,0,12.4243,82.38,2025-11-10T19:49:38.704551,,160
ML-KEM,768,keygen,0,64,0.0,0,0,0,MacBook-Pro-4.local,darwin,0,12.9667,78.31,2025-11-10T19:49:38.704563,,161
ML-KEM,768,keygen,0,64,0.0,0,0,0,MacBook-Pro-4.local,darwin,0,12.9984,79.42,2025-11-10T19:49:38.704573,,162
ML-KEM,768,keygen,0,64,0.0,0,0,0,MacBook-Pro-4.local,darwin,0,13.2579,78.81,2025-11-10T19:49:38.704581,,163
ML-KEM,768,keygen,0,64,0.0,0,0,0,MacBook-Pro-4.local,darwin,0,13.7973,69.79,2025-11-10T19:49:38.704590,,164
ML-KEM,768,keygen,0,64,0.0,0,0,0,MacBook-Pro-4.local,darwin,0,12.2251,83.52,2025-11-10T19:49:38.704599,,165
ML-KEM,768,keygen,1024,1,0.0,0,0,0,MacBook-Pro-4.local,darwin,0,13.0785,74.14,2025-11-10T19:49:38.704611,,166
ML-KEM,768,keygen,1024,1,0.0,0,0,0,MacBook-Pro-4.local,darwin,0,13.4115,74.43,2025-11-10T19:49:38.704620,,167
ML-KEM,768,keygen,1024,1,0.0,0,0,0,MacBook-Pro-4.local,darwin,0,12.6176,76.32,2025-11-10T19:49:38.704629,,168
ML-KEM,768,keygen,1024,1,0.0,0,0,0,MacBook-Pro-4.local,darwin,0,14.1304,73.08,2025-11-10T19:49:38.704638,,169
ML-KEM,768,keygen,1024,1,0.0,0,0,0,MacBook-Pro-4.local,darwin,0,13.5808,72.35,2025-11-10T19:49:38.704647,,170
ML-KEM,768,keygen,1024,16,0.0,0,0,0,MacBook-Pro-4.local,darwin,0,14.8527,68.15,2025-11-10T19:49:38.704659,,171
ML-KEM,768,keygen,1024,16,0.0,0,0,0,MacBook-Pro-4.local,darwin,0,12.9252,75.82,2025-11-10T19:49:38.704668,,172
ML-KEM,768,keygen,1024,16,0.0,0,0,0,MacBook-Pro-4.local,darwin,0,14.3209,71.54,2025-11-10T19:49:38.704678,,173
ML-KEM,768,keygen,1024,16,0.0,0,0,0,MacBook-Pro-4.local,darwin,0,13.6187,76.1,2025-11-10T19:49:38.704686,,174
ML-KEM,768,keygen,1024,16,0.0,0,0,0,MacBook-Pro-4.local,darwin,0,12.7746,77.88,2025-11-10T19:49:38.704695,,175
ML-KEM,768,keygen,1024,64,0.0,0,0,0,MacBook-Pro-4.local,darwin,0,15.5672,63.06,2025-11-10T19:49:38.704708,,176
ML-KEM,768,keygen,1024,64,0.0,0,0,0,MacBook-Pro-4.local,darwin,0,14.943,67.25,2025-11-10T19:49:38.704717,,177
ML-KEM,768,keygen,1024,64,0.0,0,0,0,MacBook-Pro-4.local,darwin,0,14.9065,65.33,2025-11-10T19:49:38.704726,,178
ML-KEM,768,keygen,1024,64,0.0,0,0,0,MacBook-Pro-4.local,darwin,0,14.3396,71.16,2025-11-10T19:49:38.704735,,179
ML-KEM,768,keygen,1024,64,0.0,0,0,0,MacBook-Pro-4.local,darwin,0,14.9301,67.73,2025-11-10T19:49:38.704744,,180
ML-KEM,768,encap,0,1,0.0,0,0,0,MacBook-Pro-4.local,darwin,0,10.0856,95.36,2025-11-10T19:49:38.704757,,181
ML-KEM,768,encap,0,1,0.0,0,0,0,MacBook-Pro-4.local,darwin,0,9.3135,108.56,2025-11-10T19:49:38.704766,,182
ML-KEM,768,encap,0,1,0.0,0,0,0,MacBook-Pro-4.local,darwin,0,10.1971,97.92,2025-11-10T19:49:38.704775,,183
ML-KEM,768,encap,0,1,0.0,0,0,0,MacBook-Pro-4.local,darwin,0,9.296,105.28,2025-11-10T19:49:38.704784,,184
ML-KEM,768,encap,0,1,0.0,0,0,0,MacBook-Pro-4.local,darwin,0,10.5816,95.1,2025-11-10T19:49:38.704794,,185
ML-KEM,768,encap,0,16,0.0,0,0,0,MacBook-Pro-4.local,darwin,0,9.9532,99.94,2025-11-10T19:49:38.704806,,186
ML-KEM,768,encap,0,16,0.0,0,0,0,MacBook-Pro-4.local,darwin,0,10.3953,94.86,2025-11-10T19:49:38.704815,,187
ML-KEM,768,encap,0,16,0.0,0,0,0,MacBook-Pro-4.local,darwin,0,10.6159,93.58,2025-11-10T19:49:38.704824,,188
ML-KEM,768,encap,0,16,0.0,0,0,0,MacBook-Pro-4.local,darwin,0,10.3351,95.32,2025-11-10T19:49:38.704833,,189
ML-KEM,768,encap,0,16,0.0,0,0,0,MacBook-Pro-4.local,darwin,0,10.0828,97.67,2025-11-10T19:49:38.704842,,190
ML-KEM,768,encap,0,64,0.0,0,0,0,MacBook-Pro-4.local,darwin,0,11.2518,93.0,2025-11-10T19:49:38.704854,,191
ML-KEM,768,encap,0,64,0.0,0,0,0,MacBook-Pro-4.local,darwin,0,11.6975,84.78,2025-11-10T19:49:38.704863,,192
ML-KEM,768,encap,0,64,0.0,0,0,0,MacBook-Pro-4.local,darwin,0,11.3428,84.7,2025-11-10T19:49:38.704872,,193
ML-KEM,768,encap,0,64,0.0,0,0,0,MacBook-Pro-4.local,darwin,0,10.1241,98.27,2025-11-10T19:49:38.704881,,194
ML-KEM,768,encap,0,64,0.0,0,0,0,MacBook-Pro-4.local,darwin,0,12.2746,83.04,2025-11-10T19:49:38.704889,,195
ML-KEM,768,encap,1024,1,0.0,0,0,0,MacBook-Pro-4.local,darwin,0,10.6484,93.11,2025-11-10T19:49:38.704902,,196
ML-KEM,768,encap,1024,1,0.0,0,0,0,MacBook-Pro-4.local,darwin,0,11.386,91.48,2025-11-10T19:49:38.704912,,197
ML-KEM,768,encap,1024,1,0.0,0,0,0,MacBook-Pro-4.local,darwin,0,11.4086,87.69,2025-11-10T19:49:38.704921,,198
ML-KEM,768,encap,1024,1,0.0,0,0,0,MacBook-Pro-4.local,darwin,0,11.166,87.79,2025-11-10T19:49:38.704930,,199
ML-KEM,768,encap,1024,1,0.0,0,0,0,MacBook-Pro-4.local,darwin,0,11.0749,93.65,2025-11-10T19:49:38.704939,,200
ML-KEM,768,encap,1024,16,0.0,0,0,0,MacBook-Pro-4.local,darwin,0,11.753,84.3,2025-11-10T19:49:38.704951,,201
ML-KEM,768,encap,1024,16,0.0,0,0,0,MacBook-Pro-4.local,darwin,0,12.484,79.45,2025-11-10T19:49:38.704960,,202
ML-KEM,768,encap,1024,16,0.0,0,0,0,MacBook-Pro-4.local,darwin,0,11.8493,88.39,2025-11-10T19:49:38.704969,,203
ML-KEM,768,encap,1024,16,0.0,0,0,0,MacBook-Pro-4.local,darwin,0,11.5852,86.69,2025-11-10T19:49:38.704978,,204
ML-KEM,768,encap,1024,16,0.0,0,0,0,MacBook-Pro-4.local,darwin,0,11.1209,93.2,2025-11-10T19:49:38.704988,,205
ML-KEM,768,encap,1024,64,0.0,0,0,0,MacBook-Pro-4.local,darwin,0,11.7284,88.5,2025-11-10T19:49:38.705000,,206
ML-KEM,768,encap,1024,64,0.0,0,0,0,MacBook-Pro-4.local,darwin,0,11.7289,83.1,2025-11-10T19:49:38.705009,,207
ML-KEM,768,encap,1024,64,0.0,0,0,0,MacBook-Pro-4.local,darwin,0,12.5074,78.2,2025-11-10T19:49:38.705018,,208
ML-KEM,768,encap,1024,64,0.0,0,0,0,MacBook-Pro-4.local,darwin,0,12.6627,77.72,2025-11-10T19:49:38.705027,,209
ML-KEM,768,encap,1024,64,0.0,0,0,0,MacBook-Pro-4.local,darwin,0,12.4991,77.2,2025-11-10T19:49:38.705036,,210
ML-KEM,768,decap,0,1,0.0,0,0,0,MacBook-Pro-4.local,darwin,0,11.0778,85.8,2025-11-10T19:49:38.705049,,211
ML-KEM,768,decap,0,1,0.0,0,0,0,MacBook-Pro-4.local,darwin,0,11.2876,90.61,2025-11-10T19:49:38.705058,,212
ML-KEM,768,decap,0,1,0.0,0,0,0,MacBook-Pro-4.local,darwin,0,10.8291,90.54,2025-11-10T19:49:38.705067,,213
ML-KEM,768,decap,0,1,0.0,0,0,0,MacBook-Pro-4.local,darwin,0,10.6686,90.34,2025-11-10T19:49:38.705076,,214
ML-KEM,768,decap,0,1,0.0,0,0,0,MacBook-Pro-4.local,darwin,0,10.216,98.79,2025-11-10T19:49:38.705084,,215
ML-KEM,768,decap,0,16,0.0,0,0,0,MacBook-Pro-4.local,darwin,0,11.9432,79.93,2025-11-10T19:49:38.705116,,216
ML-KEM,768,decap,0,16,0.0,0,0,0,MacBook-Pro-4.local,darwin,0,11.7476,88.61,2025-11-10T19:49:38.705125,,217
ML-KEM,768,decap,0,16,0.0,0,0,0,MacBook-Pro-4.local,darwin,0,11.7072,84.4,2025-11-10T19:49:38.705134,,218
ML-KEM,768,decap,0,16,0.0,0,0,0,MacBook-Pro-4.local,darwin,0,10.4658,90.82,2025-11-10T19:49:38.705167,,219
ML-KEM,768,decap,0,16,0.0,0,0,0,MacBook-Pro-4.local,darwin,0,12.274,84.7,2025-11-10T19:49:38.705176,,220
ML-KEM,768,decap,0,64,0.0,0,0,0,MacBook-Pro-4.local,darwin,0,11.8039,84.19,2025-11-10T19:49:38.705188,,221
ML-KEM,768,decap,0,64,0.0,0,0,0,MacBook-Pro-4.local,darwin,0,12.2915,79.38,2025-11-10T19:49:38.705197,,222
ML-KEM,768,decap,0,64,0.0,0,0,0,MacBook-Pro-4.local,darwin,0,12.9565,75.28,2025-11-10T19:49:38.705205,,223
ML-KEM,768,decap,0,64,0.0,0,0,0,MacBook-Pro-4.local,darwin,0,12.7238,80.39,2025-11-10T19:49:38.705214,,224
ML-KEM,768,decap,0,64,0.0,0,0,0,MacBook-Pro-4.local,darwin,0,12.7298,81.34,2025-11-10T19:49:38.705223,,225
ML-KEM,768,decap,1024,1,0.0,0,0,0,MacBook-Pro-4.local,darwin,0,13.0789,73.15,2025-11-10T19:49:38.705260,,226
ML-KEM,768,decap,1024,1,0.0,0,0,0,MacBook-Pro-4.local,darwin,0,12.2394,79.76,2025-11-10T19:49:38.705269,,227
ML-KEM,768,decap,1024,1,0.0,0,0,0,MacBook-Pro-4.local,darwin,0,12.2873,81.97,2025-11-10T19:49:38.705278,,228
ML-KEM,768,decap,1024,1,0.0,0,0,0,MacBook-Pro-4.local,darwin,0,12.2578,84.97,2025-11-10T19:49:38.705307,,229
ML-KEM,768,decap,1024,1,0.0,0,0,0,MacBook-Pro-4.local,darwin,0,12.4488,82.5,2025-11-10T19:49:38.705317,,230
ML-KEM,768,decap,1024,16,0.0,0,0,0,MacBook-Pro-4.local,darwin,0,12.5842,79.22,2025-11-10T19:49:38.705331,,231
ML-KEM,768,decap,1024,16,0.0,0,0,0,MacBook-Pro-4.local,darwin,0,12.1111,83.37,2025-11-10T19:49:38.705340,,232
ML-KEM,768,decap,1024,16,0.0,0,0,0,MacBook-Pro-4.local,darwin,0,13.0021,75.35,2025-11-10T19:49:38.705349,,233
ML-KEM,768,decap,1024,16,0.0,0,0,0,MacBook-Pro-4.local,darwin,0,12.287,84.04,2025-11-10T19:49:38.705358,,234
ML-KEM,768,decap,1024,16,0.0,0,0,0,MacBook-Pro-4.local,darwin,0,12.0176,79.19,2025-11-10T19:49:38.705367,,235
ML-KEM,768,decap,1024,64,0.0,0,0,0,MacBook-Pro-4.local,darwin,0,14.1411,71.17,2025-11-10T19:49:38.705379,,236
ML-KEM,768,decap,1024,64,0.0,0,0,0,MacBook-Pro-4.local,darwin,0,13.5763,74.72,2025-11-10T19:49:38.705388,,237
ML-KEM,768,decap,1024,64,0.0,0,0,0,MacBook-Pro-4.local,darwin,0,13.4057,73.45,2025-11-10T19:49:38.705397,,238
ML-KEM,768,decap,1024,64,0.0,0,0,0,MacBook-Pro-4.local,darwin,0,13.4549,73.37,2025-11-10T19:49:38.705406,,239
ML-KEM,768,decap,1024,64,0.0,0,0,0,MacBook-Pro-4.local,darwin,0,13.1112,72.52,2025-11-10T19:49:38.705415,,240
ML-KEM,768,sign,0,1,0.0,0,0,0,MacBook-Pro-4.local,darwin,0,15.1498,69.25,2025-11-10T19:49:38.705427,,241
ML-KEM,768,sign,0,1,0.0,0,0,0,MacBook-Pro-4.local,darwin,0,15.0178,69.81,2025-11-10T19:49:38.705437,,242
ML-KEM,768,sign,0,1,0.0,0,0,0,MacBook-Pro-4.local,darwin,0,14.9422,68.05,2025-11-10T19:49:38.705445,,243
ML-KEM,768,sign,0,1,0.0,0,0,0,MacBook-Pro-4.local,darwin,0,14.0552,72.06,2025-11-10T19:49:38.705454,,244
ML-KEM,768,sign,0,1,0.0,0,0,0,MacBook-Pro-4.local,darwin,0,14.563,70.63,2025-11-10T19:49:38.705463,,245
ML-KEM,768,sign,0,16,0.0,0,0,0,MacBook-Pro-4.local,darwin,0,16.6432,61.81,2025-11-10T19:49:38.705475,,246
ML-KEM,768,sign,0,16,0.0,0,0,0,MacBook-Pro-4.local,darwin,0,15.3917,67.22,2025-11-10T19:49:38.705484,,247
ML-KEM,768,sign,0,16,0.0,0,0,0,MacBook-Pro-4.local,darwin,0,15.6081,65.63,2025-11-10T19:49:38.705493,,248
ML-KEM,768,sign,0,16,0.0,0,0,0,MacBook-Pro-4.local,darwin,0,15.5867,66.11,2025-11-10T19:49:38.705503,,249
ML-KEM,768,sign,0,16,0.0,0,0,0,MacBook-Pro-4.local,darwin,0,15.475,64.79,2025-11-10T19:49:38.705512,,250
ML-KEM,768,sign,0,64,0.0,0,0,0,MacBook-Pro-4.local,darwin,0,16.9572,57.88,2025-11-10T19:49:38.705524,,251
ML-KEM,768,sign,0,64,0.0,0,0,0,MacBook-Pro-4.local,darwin,0,16.9902,59.93,2025-11-10T19:49:38.705532,,252
ML-KEM,768,sign,0,64,0.0,0,0,0,MacBook-Pro-4.local,darwin,0,17.1326,57.51,2025-11-10T19:49:38.705541,,253
ML-KEM,768,sign,0,64,0.0,0,0,0,MacBook-Pro-4.local,darwin,0,17.3065,56.56,2025-11-10T19:49:38.705550,,254
ML-KEM,768,sign,0,64,0.0,0,0,0,MacBook-Pro-4.local,darwin,0,16.2507,58.65,2025-11-10T19:49:38.705559,,255
ML-KEM,768,sign,1024,1,0.0,0,0,0,MacBook-Pro-4.local,darwin,0,17.639,54.72,2025-11-10T19:49:38.705571,,256
ML-KEM,768,sign,1024,1,0.0,0,0,0,MacBook-Pro-4.local,darwin,0,16.5591,58.81,2025-11-10T19:49:38.705581,,257
ML-KEM,768,sign,1024,1,0.0,0,0,0,MacBook-Pro-4.local,darwin,0,17.8326,53.6,2025-11-10T19:49:38.705590,,258
ML-KEM,768,sign,1024,1,0.0,0,0,0,MacBook-Pro-4.local,darwin,0,17.3387,59.84,2025-11-10T19:49:38.705599,,259
ML-KEM,768,sign,1024,1,0.0,0,0,0,MacBook-Pro-4.local,darwin,0,17.0079,60.52,2025-11-10T19:49:38.705608,,260
ML-KEM,768,sign,1024,16,0.0,0,0,0,MacBook-Pro-4.local,darwin,0,17.4614,56.15,2025-11-10T19:49:38.705620,,261
ML-KEM,768,sign,1024,16,0.0,0,0,0,MacBook-Pro-4.local,darwin,0,17.0246,61.42,2025-11-10T19:49:38.705629,,262
ML-KEM,768,sign,1024,16,0.0,0,0,0,MacBook-Pro-4.local,darwin,0,18.3158,55.26,2025-11-10T19:49:38.705638,,263
ML-KEM,768,sign,1024,16,0.0,0,0,0,MacBook-Pro-4.local,darwin,0,16.9302,58.39,2025-11-10T19:49:38.705647,,264
ML-KEM,768,sign,1024,16,0.0,0,0,0,MacBook-Pro-4.local,darwin,0,17.4917,59.52,2025-11-10T19:49:38.705656,,265
ML-KEM,768,sign,1024,64,0.0,0,0,0,MacBook-Pro-4.local,darwin,0,18.9668,52.02,2025-11-10T19:49:38.705668,,266
ML-KEM,768,sign,1024,64,0.0,0,0,0,MacBook-Pro-4.local,darwin,0,19.6012,49.04,2025-11-10T19:49:38.705677,,267
ML-KEM,768,sign,1024,64,0.0,0,0,0,MacBook-Pro-4.local,darwin,0,19.2739,51.66,2025-11-10T19:49:38.705686,,268
ML-KEM,768,sign,1024,64,0.0,0,0,0,MacBook-Pro-4.local,darwin,0,19.8233,52.13,2025-11-10T19:49:38.705695,,269
ML-KEM,768,sign,1024,64,0.0,0,0,0,MacBook-Pro-4.local,darwin,0,18.8537,52.73,2025-11-10T19:49:38.705704,,270
ML-KEM,768,verify,0,1,0.0,0,0,0,MacBook-Pro-4.local,darwin,0,7.4084,140.62,2025-11-10T19:49:38.705717,,271
ML-KEM,768,verify,0,1,0.0,0,0,0,MacBook-Pro-4.local,darwin,0,7.9855,120.94,2025-11-10T19:49:38.705726,,272
ML-KEM,768,verify,0,1,0.0,0,0,0,MacBook-Pro-4.local,darwin,0,8.4803,120.92,2025-11-10T19:49:38.705736,,273
ML-KEM,768,verify,0,1,0.0,0,0,0,MacBook-Pro-4.local,darwin,0,8.6703,121.03,2025-11-10T19:49:38.705745,,274
ML-KEM,768,verify,0,1,0.0,0,0,0,MacBook-Pro-4.local,darwin,0,7.5894,130.24,2025-11-10T19:49:38.705754,,275
ML-KEM,768,verify,0,16,0.0,0,0,0,MacBook-Pro-4.local,darwin,0,7.2093,139.54,2025-11-10T19:49:38.705766,,276
ML-KEM,768,verify,0,16,0.0,0,0,0,MacBook-Pro-4.local,darwin,0,8.1187,126.6,2025-11-10T19:49:38.705775,,277
ML-KEM,768,verify,0,16,0.0,0,0,0,MacBook-Pro-4.local,darwin,0,7.9715,127.49,2025-11-10T19:49:38.705784,,278
ML-KEM,768,verify,0,16,0.0,0,0,0,MacBook-Pro-4.local,darwin,0,8.4798,115.66,2025-11-10T19:49:38.705793,,279
ML-KEM,768,verify,0,16,0.0,0,0,0,MacBook-Pro-4.local,darwin,0,8.2369,125.79,2025-11-10T19:49:38.705802,,280
ML-KEM,768,verify,0,64,0.0,0,0,0,MacBook-Pro-4.local,darwin,0,9.2018,103.63,2025-11-10T19:49:38.705815,,281
ML-KEM,768,verify,0,64,0.0,0,0,0,MacBook-Pro-4.local,darwin,0,8.4079,123.92,2025-11-10T19:49:38.705824,,282
ML-KEM,768,verify,0,64,0.0,0,0,0,MacBook-Pro-4.local,darwin,0,8.4297,122.33,2025-11-10T19:49:38.705833,,283
ML-KEM,768,verify,0,64,0.0,0,0,0,MacBook-Pro-4.local,darwin,0,9.2098,106.1,2025-11-10T19:49:38.705842,,284
ML-KEM,768,verify,0,64,0.0,0,0,0,MacBook-Pro-4.local,darwin,0,8.2184,127.59,2025-11-10T19:49:38.705851,,285
ML-KEM,768,verify,1024,1,0.0,0,0,0,MacBook-Pro-4.local,darwin,0,8.2389,118.87,2025-11-10T19:49:38.705863,,286
ML-KEM,768,verify,1024,1,0.0,0,0,0,MacBook-Pro-4.local,darwin,0,8.8452,116.68,2025-11-10T19:49:38.705872,,287
ML-KEM,768,verify,1024,1,0.0,0,0,0,MacBook-Pro-4.local,darwin,0,9.2658,112.17,2025-11-10T19:49:38.705882,,288
ML-KEM,768,verify,1024,1,0.0,0,0,0,MacBook-Pro-4.local,darwin,0,9.76,98.69,2025-11-10T19:49:38.705891,,289
ML-KEM,768,verify,1024,1,0.0,0,0,0,MacBook-Pro-4.local,darwin,0,8.6742,116.4,2025-11-10T19:49:38.705899,,290
ML-KEM,768,verify,1024,16,0.0,0,0,0,MacBook-Pro-4.local,darwin,0,8.6488,113.15,2025-11-10T19:49:38.705912,,291
ML-KEM,768,verify,1024,16,0.0,0,0,0,MacBook-Pro-4.local,darwin,0,8.7101,114.04,2025-11-10T19:49:38.705921,,292
ML-KEM,768,verify,1024,16,0.0,0,0,0,MacBook-Pro-4.local,darwin,0,9.2399,113.39,2025-11-10T19:49:38.705930,,293
ML-KEM,768,verify,1024,16,0.0,0,0,0,MacBook-Pro-4.local,darwin,0,9.0396,111.92,2025-11-10T19:49:38.705940,,294
ML-KEM,768,verify,1024,16,0.0,0,0,0,MacBook-Pro-4.local,darwin,0,9.8191,105.69,2025-11-10T19:49:38.705949,,295
ML-KEM,768,verify,1024,64,0.0,0,0,0,MacBook-Pro-4.local,darwin,0,9.6794,102.39,2025-11-10T19:49:38.705961,,296
ML-KEM,768,verify,1024,64,0.0,0,0,0,MacBook-Pro-4.local,darwin,0,9.7655,106.68,2025-11-10T19:49:38.705969,,297
ML-KEM,768,verify,1024,64,0.0,0,0,0,MacBook-Pro-4.local,darwin,0,9.6833,104.63,2025-11-10T19:49:38.705978,,298
ML-KEM,768,verify,1024,64,0.0,0,0,0,MacBook-Pro-4.local,darwin,0,11.2623,88.67,2025-11-10T19:49:38.705987,,299
ML-KEM,768,verify,1024,64,0.0,0,0,0,MacBook-Pro-4.local,darwin,0,10.2185,102.3,2025-11-10T19:49:38.705996,,300
ML-DSA,512,keygen,0,1,0.0,0,0,0,MacBook-Pro-4.local,darwin,0,3.9306,253.32,2025-11-10T19:49:38.706009,,301
ML-DSA,512,keygen,0,1,0.0,0,0,0,MacBook-Pro-4.local,darwin,0,3.8406,265.31,2025-11-10T19:49:38.706019,,302
ML-DSA,512,keygen,0,1,0.0,0,0,0,MacBook-Pro-4.local,darwin,0,4.5779,213.3,2025-11-10T19:49:38.706028,,303
ML-DSA,512,keygen,0,1,0.0,0,0,0,MacBook-Pro-4.local,darwin,0,5.5234,182.41,2025-11-10T19:49:38.706037,,304
ML-DSA,512,keygen,0,1,0.0,0,0,0,MacBook-Pro-4.local,darwin,0,4.9715,192.3,2025-11-10T19:49:38.706063,,305
ML-DSA,512,keygen,0,16,0.0,0,0,0,MacBook-Pro-4.local,darwin,0,5.2632,196.77,2025-11-10T19:49:38.706078,,306
ML-DSA,512,keygen,0,16,0.0,0,0,0,MacBook-Pro-4.local,darwin,0,4.3702,222.01,2025-11-10T19:49:38.706087,,307
ML-DSA,512,keygen,0,16,0.0,0,0,0,MacBook-Pro-4.local,darwin,0,4.5154,214.65,2025-11-10T19:49:38.706097,,308
ML-DSA,512,keygen,0,16,0.0,0,0,0,MacBook-Pro-4.local,darwin,0,4.8044,213.01,2025-11-10T19:49:38.706106,,309
ML-DSA,512,keygen,0,16,0.0,0,0,0,MacBook-Pro-4.local,darwin,0,5.1192,201.98,2025-11-10T19:49:38.706115,,310
ML-DSA,512,keygen,0,64,0.0,0,0,0,MacBook-Pro-4.local,darwin,0,5.2862,189.98,2025-11-10T19:49:38.706127,,311
ML-DSA,512,keygen,0,64,0.0,0,0,0,MacBook-Pro-4.local,darwin,0,6.088,165.79,2025-11-10T19:49:38.706136,,312
ML-DSA,512,keygen,0,64,0.0,0,0,0,MacBook-Pro-4.local,darwin,0,6.0552,157.23,2025-11-10T19:49:38.706145,,313
ML-DSA,512,keygen,0,64,0.0,0,0,0,MacBook-Pro-4.local,darwin,0,5.9651,169.19,2025-11-10T19:49:38.706154,,314
ML-DSA,512,keygen,0,64,0.0,0,0,0,MacBook-Pro-4.local,darwin,0,5.0541,203.16,2025-11-10T19:49:38.706164,,315
ML-DSA,512,keygen,1024,1,0.0,0,0,0,MacBook-Pro-4.local,darwin,0,4.7137,212.47,2025-11-10T19:49:38.706176,,316
ML-DSA,512,keygen,1024,1,0.0,0,0,0,MacBook-Pro-4.local,darwin,0,5.4512,177.84,2025-11-10T19:49:38.706186,,317
ML-DSA,512,keygen,1024,1,0.0,0,0,0,MacBook-Pro-4.local,darwin,0,5.7912,178.43,2025-11-10T19:49:38.706195,,318
ML-DSA,512,keygen,1024,1,0.0,0,0,0,MacBook-Pro-4.local,darwin,0,6.0132,172.33,2025-11-10T19:49:38.706205,,319
ML-DSA,512,keygen,1024,1,0.0,0,0,0,MacBook-Pro-4.local,darwin,0,6.184,161.29,2025-11-10T19:49:38.706214,,320
ML-DSA,512,keygen,1024,16,0.0,0,0,0,MacBook-Pro-4.local,darwin,0,6.0867,171.96,2025-11-10T19:49:38.706227,,321
ML-DSA,512,keygen,1024,16,0.0,0,0,0,MacBook-Pro-4.local,darwin,0,5.1539,186.25,2025-11-10T19:49:38.706236,,322
ML-DSA,512,keygen,1024,16,0.0,0,0,0,MacBook-Pro-4.local,darwin,0,5.2423,191.82,2025-11-10T19:49:38.706246,,323
ML-DSA,512,keygen,1024,16,0.0,0,0,0,MacBook-Pro-4.local,darwin,0,5.6655,169.42,2025-11-10T19:49:38.706256,,324
ML-DSA,512,keygen,1024,16,0.0,0,0,0,MacBook-Pro-4.local,darwin,0,5.7547,175.84,2025-11-10T19:49:38.706265,,325
ML-DSA,512,keygen,1024,64,0.0,0,0,0,MacBook-Pro-4.local,darwin,0,6.0918,158.58,2025-11-10T19:49:38.706278,,326
ML-DSA,512,keygen,1024,64,0.0,0,0,0,MacBook-Pro-4.local,darwin,0,6.6133,152.05,2025-11-10T19:49:38.706287,,327
ML-DSA,512,keygen,1024,64,0.0,0,0,0,MacBook-Pro-4.local,darwin,0,6.0446,172.79,2025-11-10T19:49:38.706296,,328
ML-DSA,512,keygen,1024,64,0.0,0,0,0,MacBook-Pro-4.local,darwin,0,5.8519,175.01,2025-11-10T19:49:38.706305,,329
ML-DSA,512,keygen,1024,64,0.0,0,0,0,MacBook-Pro-4.local,darwin,0,6.3467,157.83,2025-11-10T19:49:38.706314,,330
ML-DSA,512,encap,0,1,0.0,0,0,0,MacBook-Pro-4.local,darwin,0,4.6366,213.56,2025-11-10T19:49:38.706327,,331
ML-DSA,512,encap,0,1,0.0,0,0,0,MacBook-Pro-4.local,darwin,0,4.3856,218.42,2025-11-10T19:49:38.706336,,332
ML-DSA,512,encap,0,1,0.0,0,0,0,MacBook-Pro-4.local,darwin,0,4.0811,244.25,2025-11-10T19:49:38.706345,,333
ML-DSA,512,encap,0,1,0.0,0,0,0,MacBook-Pro-4.local,darwin,0,3.5078,299.26,2025-11-10T19:49:38.706354,,334
ML-DSA,512,encap,0,1,0.0,0,0,0,MacBook-Pro-4.local,darwin,0,3.6962,257.79,2025-11-10T19:49:38.706363,,335
ML-DSA,512,encap,0,16,0.0,0,0,0,MacBook-Pro-4.local,darwin,0,4.5048,225.74,2025-11-10T19:49:38.706375,,336
ML-DSA,512,encap,0,16,0.0,0,0,0,MacBook-Pro-4.local,darwin,0,4.2958,226.38,2025-11-10T19:49:38.706384,,337
ML-DSA,512,encap,0,16,0.0,0,0,0,MacBook-Pro-4.local,darwin,0,3.9325,246.14,2025-11-10T19:49:38.706421,,338
ML-DSA,512,encap,0,16,0.0,0,0,0,MacBook-Pro-4.local,darwin,0,4.449,215.7,2025-11-10T19:49:38.706430,,339
ML-DSA,512,encap,0,16,0.0,0,0,0,MacBook-Pro-4.local,darwin,0,3.1621,305.91,2025-11-10T19:49:38.706439,,340
ML-DSA,512,encap,0,64,0.0,0,0,0,MacBook-Pro-4.local,darwin,0,4.4197,224.01,2025-11-10T19:49:38.706454,,341
ML-DSA,512,encap,0,64,0.0,0,0,0,MacBook-Pro-4.local,darwin,0,4.7684,217.76,2025-11-10T19:49:38.706465,,342
ML-DSA,512,encap,0,64,0.0,0,0,0,MacBook-Pro-4.local,darwin,0,4.3769,228.33,2025-11-10T19:49:38.706476,,343
ML-DSA,512,encap,0,64,0.0,0,0,0,MacBook-Pro-4.local,darwin,0,4.0491,237.76,2025-11-10T19:49:38.706487,,344
ML-DSA,512,encap,0,64,0.0,0,0,0,MacBook-Pro-4.local,darwin,0,4.5862,222.6,2025-11-10T19:49:38.706497,,345
ML-DSA,512,encap,1024,1,0.0,0,0,0,MacBook-Pro-4.local,darwin,0,5.7544,170.15,2025-11-10T19:49:38.706511,,346
ML-DSA,512,encap,1024,1,0.0,0,0,0,MacBook-Pro-4.local,darwin,0,5.0698,205.99,2025-11-10T19:49:38.706521,,347
ML-DSA,512,encap,1024,1,0.0,0,0,0,MacBook-Pro-4.local,darwin,0,4.3124,228.19,2025-11-10T19:49:38.706530,,348
ML-DSA,512,encap,1024,1,0.0,0,0,0,MacBook-Pro-4.local,darwin,0,4.3097,223.64,2025-11-10T19:49:38.706539,,349
ML-DSA,512,encap,1024,1,0.0,0,0,0,MacBook-Pro-4.local,darwin,0,5.2154,194.43,2025-11-10T19:49:38.706549,,350
ML-DSA,512,encap,1024,16,0.0,0,0,0,MacBook-Pro-4.local,darwin,0,4.5128,221.01,2025-11-10T19:49:38.706585,,351
ML-DSA,512,encap,1024,16,0.0,0,0,0,MacBook-Pro-4.local,darwin,0,4.1348,240.13,2025-11-10T19:49:38.706594,,352
ML-DSA,512,encap,1024,16,0.0,0,0,0,MacBook-Pro-4.local,darwin,0,4.5644,215.3,2025-11-10T19:49:38.706603,,353
ML-DSA,512,encap,1024,16,0.0,0,0,0,MacBook-Pro-4.local,darwin,0,4.9145,204.94,2025-11-10T19:49:38.706612,,354
ML-DSA,512,encap,1024,16,0.0,0,0,0,MacBook-Pro-4.local,darwin,0,4.2613,224.95,2025-11-10T19:49:38.706621,,355
ML-DSA,512,encap,1024,64,0.0,0,0,0,MacBook-Pro-4.local,darwin,0,5.7317,179.33,2025-11-10T19:49:38.706633,,356
ML-DSA,512,encap,1024,64,0.0,0,0,0,MacBook-Pro-4.local,darwin,0,5.6557,184.59,2025-11-10T19:49:38.706642,,357
ML-DSA,512,encap,1024,64,0.0,0,0,0,MacBook-Pro-4.local,darwin,0,5.0019,205.49,2025-11-10T19:49:38.706651,,358
ML-DSA,512,encap,1024,64,0.0,0,0,0,MacBook-Pro-4.local,darwin,0,5.6389,180.57,2025-11-10T19:49:38.706660,,359
ML-DSA,512,encap,1024,64,0.0,0,0,0,MacBook-Pro-4.local,darwin,0,4.5556,216.51,2025-11-10T19:49:38.706670,,360
ML-DSA,512,decap,0,1,0.0,0,0,0,MacBook-Pro-4.local,darwin,0,4.4002,235.33,2025-11-10T19:49:38.706682,,361
ML-DSA,512,decap,0,1,0.0,0,0,0,MacBook-Pro-4.local,darwin,0,4.1761,238.04,2025-11-10T19:49:38.706691,,362
ML-DSA,512,decap,0,1,0.0,0,0,0,MacBook-Pro-4.local,darwin,0,5.1764,201.46,2025-11-10T19:49:38.706700,,363
ML-DSA,512,decap,0,1,0.0,0,0,0,MacBook-Pro-4.local,darwin,0,4.8067,211.81,2025-11-10T19:49:38.706709,,364
ML-DSA,512,decap,0,1,0.0,0,0,0,MacBook-Pro-4.local,darwin,0,5.1789,200.46,2025-11-10T19:49:38.706718,,365
ML-DSA,512,decap,0,16,0.0,0,0,0,MacBook-Pro-4.local,darwin,0,5.0994,197.98,2025-11-10T19:49:38.706730,,366
ML-DSA,512,decap,0,16,0.0,0,0,0,MacBook-Pro-4.local,darwin,0,4.6428,216.35,2025-11-10T19:49:38.706739,,367
ML-DSA,512,decap,0,16,0.0,0,0,0,MacBook-Pro-4.local,darwin,0,4.0475,258.45,2025-11-10T19:49:38.706748,,368
ML-DSA,512,decap,0,16,0.0,0,0,0,MacBook-Pro-4.local,darwin,0,4.0286,258.07,2025-11-10T19:49:38.706757,,369
ML-DSA,512,decap,0,16,0.0,0,0,0,MacBook-Pro-4.local,darwin,0,4.1175,252.76,2025-11-10T19:49:38.706766,,370
ML-DSA,512,decap,0,64,0.0,0,0,0,MacBook-Pro-4.local,darwin,0,4.7424,203.63,2025-11-10T19:49:38.706778,,371
ML-DSA,512,decap,0,64,0.0,0,0,0,MacBook-Pro-4.local,darwin,0,5.7103,182.17,2025-11-10T19:49:38.706787,,372
ML-DSA,512,decap,0,64,0.0,0,0,0,MacBook-Pro-4.local,darwin,0,4.9384,195.09,2025-11-10T19:49:38.706796,,373
ML-DSA,512,decap,0,64,0.0,0,0,0,MacBook-Pro-4.local,darwin,0,5.8419,164.01,2025-11-10T19:49:38.706805,,374
ML-DSA,512,decap,0,64,0.0,0,0,0,MacBook-Pro-4.local,darwin,0,5.4168,187.69,2025-11-10T19:49:38.706813,,375
ML-DSA,512,decap,1024,1,0.0,0,0,0,MacBook-Pro-4.local,darwin,0,4.8243,210.72,2025-11-10T19:49:38.706825,,376
ML-DSA,512,decap,1024,1,0.0,0,0,0,MacBook-Pro-4.local,darwin,0,5.368,177.67,2025-11-10T19:49:38.706834,,377
ML-DSA,512,decap,1024,1,0.0,0,0,0,MacBook-Pro-4.local,darwin,0,4.4725,212.92,2025-11-10T19:49:38.706843,,378
ML-DSA,512,decap,1024,1,0.0,0,0,0,MacBook-Pro-4.local,darwin,0,4.8065,210.91,2025-11-10T19:49:38.706852,,379
ML-DSA,512,decap,1024,1,0.0,0,0,0,MacBook-Pro-4.local,darwin,0,4.9052,202.97,2025-11-10T19:49:38.706881,,380
ML-DSA,512,decap,1024,16,0.0,0,0,0,MacBook-Pro-4.local,darwin,0,4.4586,220.15,2025-11-10T19:49:38.706895,,381
ML-DSA,512,decap,1024,16,0.0,0,0,0,MacBook-Pro-4.local,darwin,0,4.3529,237.13,2025-11-10T19:49:38.706905,,382
ML-DSA,512,decap,1024,16,0.0,0,0,0,MacBook-Pro-4.local,darwin,0,5.1481,195.11,2025-11-10T19:49:38.706914,,383
ML-DSA,512,decap,1024,16,0.0,0,0,0,MacBook-Pro-4.local,darwin,0,4.8077,213.39,2025-11-10T19:49:38.706924,,384
ML-DSA,512,decap,1024,16,0.0,0,0,0,MacBook-Pro-4.local,darwin,0,4.2207,226.11,2025-11-10T19:49:38.706932,,385
ML-DSA,512,decap,1024,64,0.0,0,0,0,MacBook-Pro-4.local,darwin,0,4.9064,196.1,2025-11-10T19:49:38.706945,,386
ML-DSA,512,decap,1024,64,0.0,0,0,0,MacBook-Pro-4.local,darwin,0,5.1745,199.29,2025-11-10T19:49:38.706954,,387
ML-DSA,512,decap,1024,64,0.0,0,0,0,MacBook-Pro-4.local,darwin,0,5.9931,165.09,2025-11-10T19:49:38.706963,,388
ML-DSA,512,decap,1024,64,0.0,0,0,0,MacBook-Pro-4.local,darwin,0,5.554,182.03,2025-11-10T19:49:38.706972,,389
ML-DSA,512,decap,1024,64,0.0,0,0,0,MacBook-Pro-4.local,darwin,0,6.2895,153.44,2025-11-10T19:49:38.706981,,390
ML-DSA,512,sign,0,1,0.0,0,0,0,MacBook-Pro-4.local,darwin,0,5.6889,177.67,2025-11-10T19:49:38.706993,,391
ML-DSA,512,sign,0,1,0.0,0,0,0,MacBook-Pro-4.local,darwin,0,5.8584,174.64,2025-11-10T19:49:38.707003,,392
ML-DSA,512,sign,0,1,0.0,0,0,0,MacBook-Pro-4.local,darwin,0,5.5831,176.99,2025-11-10T19:49:38.707012,,393
ML-DSA,512,sign,0,1,0.0,0,0,0,MacBook-Pro-4.local,darwin,0,5.4738,191.02,2025-11-10T19:49:38.707021,,394
ML-DSA,512,sign,0,1,0.0,0,0,0,MacBook-Pro-4.local,darwin,0,6.4933,147.88,2025-11-10T19:49:38.707030,,395
ML-DSA,512,sign,0,16,0.0,0,0,0,MacBook-Pro-4.local,darwin,0,5.6364,178.45,2025-11-10T19:49:38.707042,,396
ML-DSA,512,sign,0,16,0.0,0,0,0,MacBook-Pro-4.local,darwin,0,6.4093,155.82,2025-11-10T19:49:38.707051,,397
ML-DSA,512,sign,0,16,0.0,0,0,0,MacBook-Pro-4.local,darwin,0,6.7971,143.66,2025-11-10T19:49:38.707060,,398
ML-DSA,512,sign,0,16,0.0,0,0,0,MacBook-Pro-4.local,darwin,0,5.7145,171.28,2025-11-10T19:49:38.707069,,399
ML-DSA,512,sign,0,16,0.0,0,0,0,MacBook-Pro-4.local,darwin,0,6.4569,161.33,2025-11-10T19:49:38.707078,,400
ML-DSA,512,sign,0,64,0.0,0,0,0,MacBook-Pro-4.local,darwin,0,6.992,142.11,2025-11-10T19:49:38.707090,,401
ML-DSA,512,sign,0,64,0.0,0,0,0,MacBook-Pro-4.local,darwin,0,7.324,138.7,2025-11-10T19:49:38.707099,,402
ML-DSA,512,sign,0,64,0.0,0,0,0,MacBook-Pro-4.local,darwin,0,6.3382,152.19,2025-11-10T19:49:38.707108,,403
ML-DSA,512,sign,0,64,0.0,0,0,0,MacBook-Pro-4.local,darwin,0,7.0105,138.57,2025-11-10T19:49:38.707117,,404
ML-DSA,512,sign,0,64,0.0,0,0,0,MacBook-Pro-4.local,darwin,0,6.3371,161.32,2025-11-10T19:49:38.707126,,405
ML-DSA,512,sign,1024,1,0.0,0,0,0,MacBook-Pro-4.local,darwin,0,6.5566,153.44,2025-11-10T19:49:38.707139,,406
ML-DSA,512,sign,1024,1,0.0,0,0,0,MacBook-Pro-4.local,darwin,0,6.5152,146.27,2025-11-10T19:49:38.707148,,407
ML-DSA,512,sign,1024,1,0.0,0,0,0,MacBook-Pro-4.local,darwin,0,6.919,143.61,2025-11-10T19:49:38.707157,,408
ML-DSA,512,sign,1024,1,0.0,0,0,0,MacBook-Pro-4.local,darwin,0,6.6113,153.44,2025-11-10T19:49:38.707166,,409
ML-DSA,512,sign,1024,1,0.0,0,0,0,MacBook-Pro-4.local,darwin,0,6.2093,155.6,2025-11-10T19:49:38.707175,,410
ML-DSA,512,sign,1024,16,0.0,0,0,0,MacBook-Pro-4.local,darwin,0,6.7937,149.92,2025-11-10T19:49:38.707187,,411
ML-DSA,512,sign,1024,16,0.0,0,0,0,MacBook-Pro-4.local,darwin,0,7.7593,129.61,2025-11-10T19:49:38.707196,,412
ML-DSA,512,sign,1024,16,0.0,0,0,0,MacBook-Pro-4.local,darwin,0,7.2646,143.83,2025-11-10T19:49:38.707205,,413
ML-DSA,512,sign,1024,16,0.0,0,0,0,MacBook-Pro-4.local,darwin,0,6.6809,154.62,2025-11-10T19:49:38.707214,,414
ML-DSA,512,sign,1024,16,0.0,0,0,0,MacBook-Pro-4.local,darwin,0,6.6489,157.84,2025-11-10T19:49:38.707223,,415
ML-DSA,512,sign,1024,64,0.0,0,0,0,MacBook-Pro-4.local,darwin,0,7.862,129.08,2025-11-10T19:49:38.707235,,416
ML-DSA,512,sign,1024,64,0.0,0,0,0,MacBook-Pro-4.local,darwin,0,7.6624,127.07,2025-11-10T19:49:38.707244,,417
ML-DSA,512,sign,1024,64,0.0,0,0,0,MacBook-Pro-4.local,darwin,0,7.9586,125.2,2025-11-10T19:49:38.707253,,418
ML-DSA,512,sign,1024,64,0.0,0,0,0,MacBook-Pro-4.local,darwin,0,8.0185,129.56,2025-11-10T19:49:38.707263,,419
ML-DSA,512,sign,1024,64,0.0,0,0,0,MacBook-Pro-4.local,darwin,0,7.4094,134.52,2025-11-10T19:49:38.707272,,420
ML-DSA,512,verify,0,1,0.0,0,0,0,MacBook-Pro-4.local,darwin,0,2.823,336.96,2025-11-10T19:49:38.707285,,421
ML-DSA,512,verify,0,1,0.0,0,0,0,MacBook-Pro-4.local,darwin,0,4.4163,237.11,2025-11-10T19:49:38.707294,,422
ML-DSA,512,verify,0,1,0.0,0,0,0,MacBook-Pro-4.local,darwin,0,3.0997,336.52,2025-11-10T19:49:38.707303,,423
ML-DSA,512,verify,0,1,0.0,0,0,0,MacBook-Pro-4.local,darwin,0,3.5534,290.14,2025-11-10T19:49:38.707313,,424
ML-DSA,512,verify,0,1,0.0,0,0,0,MacBook-Pro-4.local,darwin,0,2.9765,351.88,2025-11-10T19:49:38.707322,,425
ML-DSA,512,verify,0,16,0.0,0,0,0,MacBook-Pro-4.local,darwin,0,3.3932,286.56,2025-11-10T19:49:38.707334,,426
ML-DSA,512,verify,0,16,0.0,0,0,0,MacBook-Pro-4.local,darwin,0,3.4866,293.33,2025-11-10T19:49:38.707343,,427
ML-DSA,512,verify,0,16,0.0,0,0,0,MacBook-Pro-4.local,darwin,0,3.3681,282.61,2025-11-10T19:49:38.707352,,428
ML-DSA,512,verify,0,16,0.0,0,0,0,MacBook-Pro-4.local,darwin,0,2.774,368.97,2025-11-10T19:49:38.707361,,429
ML-DSA,512,verify,0,16,0.0,0,0,0,MacBook-Pro-4.local,darwin,0,3.3478,296.74,2025-11-10T19:49:38.707371,,430
ML-DSA,512,verify,0,64,0.0,0,0,0,MacBook-Pro-4.local,darwin,0,3.1907,308.73,2025-11-10T19:49:38.707383,,431
ML-DSA,512,verify,0,64,0.0,0,0,0,MacBook-Pro-4.local,darwin,0,3.6129,288.61,2025-11-10T19:49:38.707392,,432
ML-DSA,512,verify,0,64,0.0,0,0,0,MacBook-Pro-4.local,darwin,0,3.6321,270.76,2025-11-10T19:49:38.707403,,433
ML-DSA,512,verify,0,64,0.0,0,0,0,MacBook-Pro-4.local,darwin,0,3.8584,271.12,2025-11-10T19:49:38.707412,,434
ML-DSA,512,verify,0,64,0.0,0,0,0,MacBook-Pro-4.local,darwin,0,3.8172,256.39,2025-11-10T19:49:38.707421,,435
ML-DSA,512,verify,1024,1,0.0,0,0,0,MacBook-Pro-4.local,darwin,0,3.6384,269.35,2025-11-10T19:49:38.707433,,436
ML-DSA,512,verify,1024,1,0.0,0,0,0,MacBook-Pro-4.local,darwin,0,3.7833,256.33,2025-11-10T19:49:38.707442,,437
ML-DSA,512,verify,1024,1,0.0,0,0,0,MacBook-Pro-4.local,darwin,0,4.1624,245.02,2025-11-10T19:49:38.707451,,438
ML-DSA,512,verify,1024,1,0.0,0,0,0,MacBook-Pro-4.local,darwin,0,3.2989,317.43,2025-11-10T19:49:38.707460,,439
ML-DSA,512,verify,1024,1,0.0,0,0,0,MacBook-Pro-4.local,darwin,0,3.4419,300.19,2025-11-10T19:49:38.707469,,440
ML-DSA,512,verify,1024,16,0.0,0,0,0,MacBook-Pro-4.local,darwin,0,3.1994,302.16,2025-11-10T19:49:38.707481,,441
ML-DSA,512,verify,1024,16,0.0,0,0,0,MacBook-Pro-4.local,darwin,0,2.964,326.77,2025-11-10T19:49:38.707490,,442
ML-DSA,512,verify,1024,16,0.0,0,0,0,MacBook-Pro-4.local,darwin,0,4.2409,240.92,2025-11-10T19:49:38.707499,,443
ML-DSA,512,verify,1024,16,0.0,0,0,0,MacBook-Pro-4.local,darwin,0,3.1755,306.87,2025-11-10T19:49:38.707509,,444
ML-DSA,512,verify,1024,16,0.0,0,0,0,MacBook-Pro-4.local,darwin,0,3.9793,251.7,2025-11-10T19:49:38.707518,,445
ML-DSA,512,verify,1024,64,0.0,0,0,0,MacBook-Pro-4.local,darwin,0,3.8458,258.72,2025-11-10T19:49:38.707530,,446
ML-DSA,512,verify,1024,64,0.0,0,0,0,MacBook-Pro-4.local,darwin,0,3.0666,339.93,2025-11-10T19:49:38.707539,,447
ML-DSA,512,verify,1024,64,0.0,0,0,0,MacBook-Pro-4.local,darwin,0,4.7639,208.0,2025-11-10T19:49:38.707634,,448
ML-DSA,512,verify,1024,64,0.0,0,0,0,MacBook-Pro-4.local,darwin,0,3.9321,253.55,2025-11-10T19:49:38.707666,,449
ML-DSA,512,verify,1024,64,0.0,0,0,0,MacBook-Pro-4.local,darwin,0,4.1573,235.02,2025-11-10T19:49:38.707679,,450
ML-DSA,768,keygen,0,1,0.0,0,0,0,MacBook-Pro-4.local,darwin,0,4.7401,212.23,2025-11-10T19:49:38.707712,,451
ML-DSA,768,keygen,0,1,0.0,0,0,0,MacBook-Pro-4.local,darwin,0,4.7079,213.49,2025-11-10T19:49:38.707722,,452
ML-DSA,768,keygen,0,1,0.0,0,0,0,MacBook-Pro-4.local,darwin,0,5.6785,183.93,2025-11-10T19:49:38.707732,,453
ML-DSA,768,keygen,0,1,0.0,0,0,0,MacBook-Pro-4.local,darwin,0,4.146,249.77,2025-11-10T19:49:38.707741,,454
ML-DSA,768,keygen,0,1,0.0,0,0,0,MacBook-Pro-4.local,darwin,0,5.6547,178.75,2025-11-10T19:49:38.707750,,455
ML-DSA,768,keygen,0,16,0.0,0,0,0,MacBook-Pro-4.local,darwin,0,5.3997,176.75,2025-11-10T19:49:38.707831,,456
ML-DSA,768,keygen,0,16,0.0,0,0,0,MacBook-Pro-4.local,darwin,0,4.626,215.76,2025-11-10T19:49:38.707848,,457
ML-DSA,768,keygen,0,16,0.0,0,0,0,MacBook-Pro-4.local,darwin,0,5.188,193.09,2025-11-10T19:49:38.707858,,458
ML-DSA,768,keygen,0,16,0.0,0,0,0,MacBook-Pro-4.local,darwin,0,4.863,213.28,2025-11-10T19:49:38.707868,,459
ML-DSA,768,keygen,0,16,0.0,0,0,0,MacBook-Pro-4.local,darwin,0,4.8597,203.59,2025-11-10T19:49:38.707877,,460
ML-DSA,768,keygen,0,64,0.0,0,0,0,MacBook-Pro-4.local,darwin,0,6.1078,158.72,2025-11-10T19:49:38.707891,,461
ML-DSA,768,keygen,0,64,0.0,0,0,0,MacBook-Pro-4.local,darwin,0,5.843,174.1,2025-11-10T19:49:38.707901,,462
ML-DSA,768,keygen,0,64,0.0,0,0,0,MacBook-Pro-4.local,darwin,0,5.1683,197.47,2025-11-10T19:49:38.707911,,463
ML-DSA,768,keygen,0,64,0.0,0,0,0,MacBook-Pro-4.local,darwin,0,5.9223,163.54,2025-11-10T19:49:38.707920,,464
ML-DSA,768,keygen,0,64,0.0,0,0,0,MacBook-Pro-4.local,darwin,0,6.3796,154.51,2025-11-10T19:49:38.707929,,465
ML-DSA,768,keygen,1024,1,0.0,0,0,0,MacBook-Pro-4.local,darwin,0,5.5186,179.63,2025-11-10T19:49:38.707942,,466
ML-DSA,768,keygen,1024,1,0.0,0,0,0,MacBook-Pro-4.local,darwin,0,5.5174,180.36,2025-11-10T19:49:38.707952,,467
ML-DSA,768,keygen,1024,1,0.0,0,0,0,MacBook-Pro-4.local,darwin,0,4.3772,230.53,2025-11-10T19:49:38.707961,,468
ML-DSA,768,keygen,1024,1,0.0,0,0,0,MacBook-Pro-4.local,darwin,0,6.0669,172.2,2025-11-10T19:49:38.707970,,469
ML-DSA,768,keygen,1024,1,0.0,0,0,0,MacBook-Pro-4.local,darwin,0,4.6957,206.7,2025-11-10T19:49:38.707979,,470
ML-DSA,768,keygen,1024,16,0.0,0,0,0,MacBook-Pro-4.local,darwin,0,4.6422,222.88,2025-11-10T19:49:38.707992,,471
ML-DSA,768,keygen,1024,16,0.0,0,0,0,MacBook-Pro-4.local,darwin,0,5.4906,177.76,2025-11-10T19:49:38.708001,,472
ML-DSA,768,keygen,1024,16,0.0,0,0,0,MacBook-Pro-4.local,darwin,0,5.7356,182.06,2025-11-10T19:49:38.708011,,473
ML-DSA,768,keygen,1024,16,0.0,0,0,0,MacBook-Pro-4.local,darwin,0,5.3132,181.6,2025-11-10T19:49:38.708019,,474
ML-DSA,768,keygen,1024,16,0.0,0,0,0,MacBook-Pro-4.local,darwin,0,6.0024,170.02,2025-11-10T19:49:38.708028,,475
ML-DSA,768,keygen,1024,64,0.0,0,0,0,MacBook-Pro-4.local,darwin,0,6.1487,161.55,2025-11-10T19:49:38.708041,,476
ML-DSA,768,keygen,1024,64,0.0,0,0,0,MacBook-Pro-4.local,darwin,0,5.5027,190.51,2025-11-10T19:49:38.708050,,477
ML-DSA,768,keygen,1024,64,0.0,0,0,0,MacBook-Pro-4.local,darwin,0,6.2222,155.72,2025-11-10T19:49:38.708059,,478
ML-DSA,768,keygen,1024,64,0.0,0,0,0,MacBook-Pro-4.local,darwin,0,6.4211,157.57,2025-11-10T19:49:38.708068,,479
ML-DSA,768,keygen,1024,64,0.0,0,0,0,MacBook-Pro-4.local,darwin,0,5.9294,161.09,2025-11-10T19:49:38.708093,,480
ML-DSA,768,encap,0,1,0.0,0,0,0,MacBook-Pro-4.local,darwin,0,3.8427,271.54,2025-11-10T19:49:38.708106,,481
ML-DSA,768,encap,0,1,0.0,0,0,0,MacBook-Pro-4.local,darwin,0,3.9986,261.68,2025-11-10T19:49:38.708115,,482
ML-DSA,768,encap,0,1,0.0,0,0,0,MacBook-Pro-4.local,darwin,0,4.3254,221.94,2025-11-10T19:49:38.708124,,483
ML-DSA,768,encap,0,1,0.0,0,0,0,MacBook-Pro-4.local,darwin,0,3.5718,279.5,2025-11-10T19:49:38.708133,,484
ML-DSA,768,encap,0,1,0.0,0,0,0,MacBook-Pro-4.local,darwin,0,2.9384,351.21,2025-11-10T19:49:38.708143,,485
ML-DSA,768,encap,0,16,0.0,0,0,0,MacBook-Pro-4.local,darwin,0,3.9923,245.91,2025-11-10T19:49:38.708155,,486
ML-DSA,768,encap,0,16,0.0,0,0,0,MacBook-Pro-4.local,darwin,0,4.6564,206.22,2025-11-10T19:49:38.708164,,487
ML-DSA,768,encap,0,16,0.0,0,0,0,MacBook-Pro-4.local,darwin,0,3.8173,257.19,2025-11-10T19:49:38.708173,,488
ML-DSA,768,encap,0,16,0.0,0,0,0,MacBook-Pro-4.local,darwin,0,3.7358,277.91,2025-11-10T19:49:38.708183,,489
ML-DSA,768,encap,0,16,0.0,0,0,0,MacBook-Pro-4.local,darwin,0,4.4942,227.29,2025-11-10T19:49:38.708192,,490
ML-DSA,768,encap,0,64,0.0,0,0,0,MacBook-Pro-4.local,darwin,0,4.3897,224.35,2025-11-10T19:49:38.708205,,491
ML-DSA,768,encap,0,64,0.0,0,0,0,MacBook-Pro-4.local,darwin,0,4.9762,192.83,2025-11-10T19:49:38.708214,,492
ML-DSA,768,encap,0,64,0.0,0,0,0,MacBook-Pro-4.local,darwin,0,4.4633,232.49,2025-11-10T19:49:38.708223,,493
ML-DSA,768,encap,0,64,0.0,0,0,0,MacBook-Pro-4.local,darwin,0,4.608,213.14,2025-11-10T19:49:38.708233,,494
ML-DSA,768,encap,0,64,0.0,0,0,0,MacBook-Pro-4.local,darwin,0,4.5239,220.67,2025-11-10T19:49:38.708242,,495
ML-DSA,768,encap,1024,1,0.0,0,0,0,MacBook-Pro-4.local,darwin,0,3.3266,290.76,2025-11-10T19:49:38.708254,,496
ML-DSA,768,encap,1024,1,0.0,0,0,0,MacBook-Pro-4.local,darwin,0,4.4816,223.01,2025-11-10T19:49:38.708264,,497
ML-DSA,768,encap,1024,1,0.0,0,0,0,MacBook-Pro-4.local,darwin,0,3.8313,268.32,2025-11-10T19:49:38.708274,,498
ML-DSA,768,encap,1024,1,0.0,0,0,0,MacBook-Pro-4.local,darwin,0,4.4981,211.99,2025-11-10T19:49:38.708282,,499
ML-DSA,768,encap,1024,1,0.0,0,0,0,MacBook-Pro-4.local,darwin,0,5.2915,190.7,2025-11-10T19:49:38.708296,,500
ML-DSA,768,encap,1024,16,0.0,0,0,0,MacBook-Pro-4.local,darwin,0,3.9934,238.55,2025-11-10T19:49:38.708308,,501
ML-DSA,768,encap,1024,16,0.0,0,0,0,MacBook-Pro-4.local,darwin,0,4.8427,207.39,2025-11-10T19:49:38.708317,,502
ML-DSA,768,encap,1024,16,0.0,0,0,0,MacBook-Pro-4.local,darwin,0,4.7618,207.71,2025-11-10T19:49:38.708327,,503
ML-DSA,768,encap,1024,16,0.0,0,0,0,MacBook-Pro-4.local,darwin,0,4.5234,228.19,2025-11-10T19:49:38.708336,,504
ML-DSA,768,encap,1024,16,0.0,0,0,0,MacBook-Pro-4.local,darwin,0,4.4301,222.03,2025-11-10T19:49:38.708345,,505
ML-DSA,768,encap,1024,64,0.0,0,0,0,MacBook-Pro-4.local,darwin,0,5.0811,199.94,2025-11-10T19:49:38.708358,,506
ML-DSA,768,encap,1024,64,0.0,0,0,0,MacBook-Pro-4.local,darwin,0,5.7982,170.4,2025-11-10T19:49:38.708367,,507
ML-DSA,768,encap,1024,64,0.0,0,0,0,MacBook-Pro-4.local,darwin,0,5.4015,183.09,2025-11-10T19:49:38.708376,,508
ML-DSA,768,encap,1024,64,0.0,0,0,0,MacBook-Pro-4.local,darwin,0,5.4148,183.09,2025-11-10T19:49:38.708385,,509
ML-DSA,768,encap,1024,64,0.0,0,0,0,MacBook-Pro-4.local,darwin,0,4.8092,210.99,2025-11-10T19:49:38.708395,,510
ML-DSA,768,decap,0,1,0.0,0,0,0,MacBook-Pro-4.local,darwin,0,4.5627,214.28,2025-11-10T19:49:38.708411,,511
ML-DSA,768,decap,0,1,0.0,0,0,0,MacBook-Pro-4.local,darwin,0,4.6143,219.09,2025-11-10T19:49:38.708420,,512
ML-DSA,768,decap,0,1,0.0,0,0,0,MacBook-Pro-4.local,darwin,0,5.1648,184.44,2025-11-10T19:49:38.708430,,513
ML-DSA,768,decap,0,1,0.0,0,0,0,MacBook-Pro-4.local,darwin,0,4.4904,211.72,2025-11-10T19:49:38.708439,,514
ML-DSA,768,decap,0,1,0.0,0,0,0,MacBook-Pro-4.local,darwin,0,4.0599,256.28,2025-11-10T19:49:38.708448,,515
ML-DSA,768,decap,0,16,0.0,0,0,0,MacBook-Pro-4.local,darwin,0,4.5861,213.75,2025-11-10T19:49:38.708460,,516
ML-DSA,768,decap,0,16,0.0,0,0,0,MacBook-Pro-4.local,darwin,0,4.6746,206.88,2025-11-10T19:49:38.708469,,517
ML-DSA,768,decap,0,16,0.0,0,0,0,MacBook-Pro-4.local,darwin,0,4.85,201.92,2025-11-10T19:49:38.708478,,518
ML-DSA,768,decap,0,16,0.0,0,0,0,MacBook-Pro-4.local,darwin,0,5.6411,184.17,2025-11-10T19:49:38.708487,,519
ML-DSA,768,decap,0,16,0.0,0,0,0,MacBook-Pro-4.local,darwin,0,4.6997,216.1,2025-11-10T19:49:38.708496,,520
ML-DSA,768,decap,0,64,0.0,0,0,0,MacBook-Pro-4.local,darwin,0,5.7227,176.92,2025-11-10T19:49:38.708515,,521
ML-DSA,768,decap,0,64,0.0,0,0,0,MacBook-Pro-4.local,darwin,0,4.2334,226.92,2025-11-10T19:49:38.708525,,522
ML-DSA,768,decap,0,64,0.0,0,0,0,MacBook-Pro-4.local,darwin,0,4.4408,235.41,2025-11-10T19:49:38.708534,,523
ML-DSA,768,decap,0,64,0.0,0,0,0,MacBook-Pro-4.local,darwin,0,4.6561,211.74,2025-11-10T19:49:38.708543,,524
ML-DSA,768,decap,0,64,0.0,0,0,0,MacBook-Pro-4.local,darwin,0,5.3484,181.25,2025-11-10T19:49:38.708552,,525
ML-DSA,768,decap,1024,1,0.0,0,0,0,MacBook-Pro-4.local,darwin,0,4.4165,218.43,2025-11-10T19:49:38.708564,,526
ML-DSA,768,decap,1024,1,0.0,0,0,0,MacBook-Pro-4.local,darwin,0,4.9954,209.53,2025-11-10T19:49:38.708573,,527
ML-DSA,768,decap,1024,1,0.0,0,0,0,MacBook-Pro-4.local,darwin,0,5.0009,205.17,2025-11-10T19:49:38.708582,,528
ML-DSA,768,decap,1024,1,0.0,0,0,0,MacBook-Pro-4.local,darwin,0,4.7476,204.97,2025-11-10T19:49:38.708591,,529
ML-DSA,768,decap,1024,1,0.0,0,0,0,MacBook-Pro-4.local,darwin,0,4.9254,203.77,2025-11-10T19:49:38.708601,,530
ML-DSA,768,decap,1024,16,0.0,0,0,0,MacBook-Pro-4.local,darwin,0,5.0542,205.01,2025-11-10T19:49:38.708614,,531
ML-DSA,768,decap,1024,16,0.0,0,0,0,MacBook-Pro-4.local,darwin,0,5.279,196.73,2025-11-10T19:49:38.708664,,532
ML-DSA,768,decap,1024,16,0.0,0,0,0,MacBook-Pro-4.local,darwin,0,4.0075,248.83,2025-11-10T19:49:38.708676,,533
ML-DSA,768,decap,1024,16,0.0,0,0,0,MacBook-Pro-4.local,darwin,0,5.2011,191.98,2025-11-10T19:49:38.708685,,534
ML-DSA,768,decap,1024,16,0.0,0,0,0,MacBook-Pro-4.local,darwin,0,5.2748,193.03,2025-11-10T19:49:38.708695,,535
ML-DSA,768,decap,1024,64,0.0,0,0,0,MacBook-Pro-4.local,darwin,0,5.7003,175.97,2025-11-10T19:49:38.708709,,536
ML-DSA,768,decap,1024,64,0.0,0,0,0,MacBook-Pro-4.local,darwin,0,5.5823,180.06,2025-11-10T19:49:38.708718,,537
ML-DSA,768,decap,1024,64,0.0,0,0,0,MacBook-Pro-4.local,darwin,0,6.1244,158.37,2025-11-10T19:49:38.708729,,538
ML-DSA,768,decap,1024,64,0.0,0,0,0,MacBook-Pro-4.local,darwin,0,5.9681,169.15,2025-11-10T19:49:38.708738,,539
ML-DSA,768,decap,1024,64,0.0,0,0,0,MacBook-Pro-4.local,darwin,0,6.0485,169.98,2025-11-10T19:49:38.708747,,540
ML-DSA,768,sign,0,1,0.0,0,0,0,MacBook-Pro-4.local,darwin,0,6.5963,146.9,2025-11-10T19:49:38.708760,,541
ML-DSA,768,sign,0,1,0.0,0,0,0,MacBook-Pro-4.local,darwin,0,5.4158,179.95,2025-11-10T19:49:38.708770,,542
ML-DSA,768,sign,0,1,0.0,0,0,0,MacBook-Pro-4.local,darwin,0,5.1298,189.25,2025-11-10T19:49:38.708779,,543
ML-DSA,768,sign,0,1,0.0,0,0,0,MacBook-Pro-4.local,darwin,0,5.5664,178.39,2025-11-10T19:49:38.708788,,544
ML-DSA,768,sign,0,1,0.0,0,0,0,MacBook-Pro-4.local,darwin,0,6.8401,139.91,2025-11-10T19:49:38.708797,,545
ML-DSA,768,sign,0,16,0.0,0,0,0,MacBook-Pro-4.local,darwin,0,7.194,144.96,2025-11-10T19:49:38.708809,,546
ML-DSA,768,sign,0,16,0.0,0,0,0,MacBook-Pro-4.local,darwin,0,6.5362,147.62,2025-11-10T19:49:38.708819,,547
ML-DSA,768,sign,0,16,0.0,0,0,0,MacBook-Pro-4.local,darwin,0,6.3728,160.19,2025-11-10T19:49:38.708827,,548
ML-DSA,768,sign,0,16,0.0,0,0,0,MacBook-Pro-4.local,darwin,0,6.5565,151.17,2025-11-10T19:49:38.708837,,549
ML-DSA,768,sign,0,16,0.0,0,0,0,MacBook-Pro-4.local,darwin,0,6.7317,147.97,2025-11-10T19:49:38.708845,,550
ML-DSA,768,sign,0,64,0.0,0,0,0,MacBook-Pro-4.local,darwin,0,6.6144,154.35,2025-11-10T19:49:38.708858,,551
ML-DSA,768,sign,0,64,0.0,0,0,0,MacBook-Pro-4.local,darwin,0,7.2034,136.0,2025-11-10T19:49:38.708867,,552
ML-DSA,768,sign,0,64,0.0,0,0,0,MacBook-Pro-4.local,darwin,0,6.7684,152.87,2025-11-10T19:49:38.708876,,553
ML-DSA,768,sign,0,64,0.0,0,0,0,MacBook-Pro-4.local,darwin,0,7.4239,132.22,2025-11-10T19:49:38.708886,,554
ML-DSA,768,sign,0,64,0.0,0,0,0,MacBook-Pro-4.local,darwin,0,7.5693,130.89,2025-11-10T19:49:38.708894,,555
ML-DSA,768,sign,1024,1,0.0,0,0,0,MacBook-Pro-4.local,darwin,0,6.797,151.15,2025-11-10T19:49:38.708906,,556
ML-DSA,768,sign,1024,1,0.0,0,0,0,MacBook-Pro-4.local,darwin,0,6.9942,145.31,2025-11-10T19:49:38.708916,,557
ML-DSA,768,sign,1024,1,0.0,0,0,0,MacBook-Pro-4.local,darwin,0,8.1318,124.18,2025-11-10T19:49:38.708925,,558
ML-DSA,768,sign,1024,1,0.0,0,0,0,MacBook-Pro-4.local,darwin,0,6.1414,169.07,2025-11-10T19:49:38.708934,,559
ML-DSA,768,sign,1024,1,0.0,0,0,0,MacBook-Pro-4.local,darwin,0,6.8404,141.79,2025-11-10T19:49:38.708944,,560
ML-DSA,768,sign,1024,16,0.0,0,0,0,MacBook-Pro-4.local,darwin,0,7.2252,136.63,2025-11-10T19:49:38.708958,,561
ML-DSA,768,sign,1024,16,0.0,0,0,0,MacBook-Pro-4.local,darwin,0,7.164,140.48,2025-11-10T19:49:38.708967,,562
ML-DSA,768,sign,1024,16,0.0,0,0,0,MacBook-Pro-4.local,darwin,0,6.5853,147.28,2025-11-10T19:49:38.708977,,563
ML-DSA,768,sign,1024,16,0.0,0,0,0,MacBook-Pro-4.local,darwin,0,6.9022,145.03,2025-11-10T19:49:38.708986,,564
ML-DSA,768,sign,1024,16,0.0,0,0,0,MacBook-Pro-4.local,darwin,0,6.4978,159.85,2025-11-10T19:49:38.708996,,565
ML-DSA,768,sign,1024,64,0.0,0,0,0,MacBook-Pro-4.local,darwin,0,7.6398,131.46,2025-11-10T19:49:38.709010,,566
ML-DSA,768,sign,1024,64,0.0,0,0,0,MacBook-Pro-4.local,darwin,0,7.1957,136.86,2025-11-10T19:49:38.709019,,567
ML-DSA,768,sign,1024,64,0.0,0,0,0,MacBook-Pro-4.local,darwin,0,7.2179,145.3,2025-11-10T19:49:38.709028,,568
ML-DSA,768,sign,1024,64,0.0,0,0,0,MacBook-Pro-4.local,darwin,0,7.5828,133.0,2025-11-10T19:49:38.709059,,569
ML-DSA,768,sign,1024,64,0.0,0,0,0,MacBook-Pro-4.local,darwin,0,8.2761,115.54,2025-11-10T19:49:38.709068,,570
ML-DSA,768,verify,0,1,0.0,0,0,0,MacBook-Pro-4.local,darwin,0,3.0291,342.85,2025-11-10T19:49:38.709081,,571
ML-DSA,768,verify,0,1,0.0,0,0,0,MacBook-Pro-4.local,darwin,0,3.5342,283.43,2025-11-10T19:49:38.709090,,572
ML-DSA,768,verify,0,1,0.0,0,0,0,MacBook-Pro-4.local,darwin,0,3.9092,245.84,2025-11-10T19:49:38.709099,,573
ML-DSA,768,verify,0,1,0.0,0,0,0,MacBook-Pro-4.local,darwin,0,3.6319,268.51,2025-11-10T19:49:38.709108,,574
ML-DSA,768,verify,0,1,0.0,0,0,0,MacBook-Pro-4.local,darwin,0,3.9086,260.23,2025-11-10T19:49:38.709117,,575
ML-DSA,768,verify,0,16,0.0,0,0,0,MacBook-Pro-4.local,darwin,0,3.4964,279.76,2025-11-10T19:49:38.709130,,576
ML-DSA,768,verify,0,16,0.0,0,0,0,MacBook-Pro-4.local,darwin,0,3.1013,326.99,2025-11-10T19:49:38.709139,,577
ML-DSA,768,verify,0,16,0.0,0,0,0,MacBook-Pro-4.local,darwin,0,2.3028,452.64,2025-11-10T19:49:38.709148,,578
ML-DSA,768,verify,0,16,0.0,0,0,0,MacBook-Pro-4.local,darwin,0,2.928,342.66,2025-11-10T19:49:38.709157,,579
ML-DSA,768,verify,0,16,0.0,0,0,0,MacBook-Pro-4.local,darwin,0,3.4948,289.6,2025-11-10T19:49:38.709166,,580
ML-DSA,768,verify,0,64,0.0,0,0,0,MacBook-Pro-4.local,darwin,0,3.4674,299.82,2025-11-10T19:49:38.709178,,581
ML-DSA,768,verify,0,64,0.0,0,0,0,MacBook-Pro-4.local,darwin,0,4.7427,216.77,2025-11-10T19:49:38.709187,,582
ML-DSA,768,verify,0,64,0.0,0,0,0,MacBook-Pro-4.local,darwin,0,3.5464,288.24,2025-11-10T19:49:38.709196,,583
ML-DSA,768,verify,0,64,0.0,0,0,0,MacBook-Pro-4.local,darwin,0,3.2245,314.73,2025-11-10T19:49:38.709205,,584
ML-DSA,768,verify,0,64,0.0,0,0,0,MacBook-Pro-4.local,darwin,0,3.0484,312.42,2025-11-10T19:49:38.709214,,585
ML-DSA,768,verify,1024,1,0.0,0,0,0,MacBook-Pro-4.local,darwin,0,2.1193,478.52,2025-11-10T19:49:38.709227,,586
ML-DSA,768,verify,1024,1,0.0,0,0,0,MacBook-Pro-4.local,darwin,0,3.8927,262.28,2025-11-10T19:49:38.709236,,587
ML-DSA,768,verify,1024,1,0.0,0,0,0,MacBook-Pro-4.local,darwin,0,3.6536,275.14,2025-11-10T19:49:38.709245,,588
ML-DSA,768,verify,1024,1,0.0,0,0,0,MacBook-Pro-4.local,darwin,0,3.93,251.46,2025-11-10T19:49:38.709255,,589
ML-DSA,768,verify,1024,1,0.0,0,0,0,MacBook-Pro-4.local,darwin,0,3.3172,293.31,2025-11-10T19:49:38.709263,,590
ML-DSA,768,verify,1024,16,0.0,0,0,0,MacBook-Pro-4.local,darwin,0,3.3925,306.28,2025-11-10T19:49:38.709276,,591
ML-DSA,768,verify,1024,16,0.0,0,0,0,MacBook-Pro-4.local,darwin,0,3.5176,274.38,2025-11-10T19:49:38.709285,,592
ML-DSA,768,verify,1024,16,0.0,0,0,0,MacBook-Pro-4.local,darwin,0,3.7324,268.9,2025-11-10T19:49:38.709295,,593
ML-DSA,768,verify,1024,16,0.0,0,0,0,MacBook-Pro-4.local,darwin,0,3.5285,274.94,2025-11-10T19:49:38.709304,,594
ML-DSA,768,verify,1024,16,0.0,0,0,0,MacBook-Pro-4.local,darwin,0,4.3364,222.35,2025-11-10T19:49:38.709313,,595
ML-DSA,768,verify,1024,64,0.0,0,0,0,MacBook-Pro-4.local,darwin,0,3.7103,261.97,2025-11-10T19:49:38.709326,,596
ML-DSA,768,verify,1024,64,0.0,0,0,0,MacBook-Pro-4.local,darwin,0,3.7347,258.87,2025-11-10T19:49:38.709336,,597
ML-DSA,768,verify,1024,64,0.0,0,0,0,MacBook-Pro-4.local,darwin,0,3.6885,270.21,2025-11-10T19:49:38.709345,,598
ML-DSA,768,verify,1024,64,0.0,0,0,0,MacBook-Pro-4.local,darwin,0,4.1381,250.36,2025-11-10T19:49:38.709354,,599
ML-DSA,768,verify,1024,64,0.0,0,0,0,MacBook-Pro-4.local,darwin,0,4.5949,218.53,2025-11-10T19:49:38.709363,,600
